,artist,artwork,cloud prediction
0,durand,223_durand_Kindred Spirits.jpg,Sc
1,durand,172_durand_Banknote vignette showing two men working in a mine.jpg,Sc
2,durand,180_durand_Landscape with Covered Wagon.jpg,Cs
3,durand,279_durand_Kaaterskill CloveCatskill Grove.jpg,Ns
4,durand,252_durand_High Point: Shandaken Mountains.jpg,St
5,durand,150_durand_Chief Justice John Marshall.jpg,Cs
6,durand,161_durand_John Jay.jpg,As
7,durand,250_durand_Sketchbook of Landscape and Figure Subjects.jpg,Ns
8,durand,20_durand_The Wife.jpg,Cc
9,durand,205_durand_Luman Reed. Docent Council.jpg,Cs
10,durand,173_durand_Banknote vignette with female figures representing Liberty and Justice.jpg,Ac
11,durand,201_durand_Hudson River Looking Toward the Catskills..jpg,Ns
12,durand,"26_durand_Fancy & Windsor Chair Manufactory, Wholesale & Retail, Thomas Ash, No. 33 John Street, New York.jpg",Ac
13,durand,41_durand_Portrait of Mrs. Durand and her sister.jpg,Ns
14,durand,86_durand_Catskill Clove.jpg,Ac
15,durand,106_durand_Robert C. Sands.jpg,Cu
16,durand,34_durand_Pastoral Landscape.jpg,Sc
17,durand,"274_durand_Three Trees, Hoboken.jpg",Ns
18,durand,56_durand_Ariadne.jpg,St
19,durand,176_durand_Banknote motif: a child's portrait and two patterned ovals surrounded by a floral frame.jpg,Cc
20,durand,111_durand_Thomas Hilson as Tyke.jpg,Ac
21,durand,105_durand_Mrs. Winfield Scott.jpg,St
22,durand,138_durand_Dewitt Clinton.jpg,As
23,durand,78_durand_In the Woods.jpg,Sc
24,durand,236_durand_God&s Judgment Upon Gog.jpg,Sc
25,durand,44_durand_Capture of Major Andre.jpg,Ac
26,durand,113_durand_Untitled (Declaration of Independence).jpg,Sc
27,durand,157_durand_William Gaston.jpg,Ac
28,durand,16_durand_Certificate of Bible Society.jpg,Ac
29,durand,270_durand_Sketchbook of Landscape and Figure Subjects.jpg,Ns
30,durand,"255_durand_Three Trees, Hoboken.jpg",Ns
31,durand,62_durand_Certificate of Bible Society.jpg,Ac
32,durand,269_durand_Sketchbook of Landscape and Figure Subjects.jpg,Ns
33,durand,87_durand_Portrait of Mrs. Durand and her sister.jpg,Ns
34,durand,257_durand_Kindred Spirits.jpg,Ns
35,durand,19_durand_American Eclipse.jpg,Sc
36,durand,168_durand_Banknote vignette with female figure representing America.jpg,As
37,durand,"235_durand_His Excellency Oliver Wolcott, Governor of the State of Connecticutt.jpg",Ac
38,durand,5_durand_A Pastoral Scene.jpg,Cu
39,durand,166_durand_Banknote vignette with a family in a garden.jpg,Ns
40,durand,"185_durand_Arched framing element for banknote, with acanthus and vine leaves, lily and grapes.jpg",Ac
41,durand,154_durand_Rev. William Patton.jpg,As
42,durand,164_durand_Proof of one side of a New York Merchants Banking Company 100 Dollar Bill.jpg,Ac
43,durand,"151_durand_Rev. John Brodhead Romeyn, D. D..jpg",Ac
44,durand,73_durand_Rev. William Jay.jpg,Ac
45,durand,3_durand_Forest Trees.jpg,Cc
46,durand,25_durand_William Floyd.jpg,Ct
47,durand,119_durand_River Scene.jpg,Ns
48,durand,36_durand_Woodland Interior.jpg,Ns
49,durand,27_durand_Rev. William Jay.jpg,Ac
50,durand,"215_durand_Dover Plain, Dutchess County, New York..jpg",Ns
51,durand,162_durand_John Trumbull.jpg,St
52,durand,217_durand_Mrs. Winfield Scott.jpg,St
53,durand,"126_durand_Lake George, New York.jpg",Cs
54,durand,136_durand_Weekhawken.jpg,Ns
55,durand,242_durand_Creek in the Woods: det.: bottom right.jpg,Sc
56,durand,249_durand_Sketchbook of Landscape and Figure Subjects.jpg,Ns
57,durand,101_durand_Catherine Maria Sedgwick.jpg,Ac
58,durand,165_durand_Banknote vignette with three putti symbolizing trade and agriculture.jpg,Ac
59,durand,92_durand_A River Landscape.jpg,Ac
60,durand,"70_durand_His Excellency Oliver Wolcott, Governor of the State of Connecticut.jpg",As
61,durand,33_durand_Rip Van Winkle.jpg,Ac
62,durand,85_durand_The old oak.jpg,Sc
63,durand,31_durand_The Edge of the Forest.jpg,Sc
64,durand,6_durand_Landscape with Birches.jpg,Sc
65,durand,30_durand_The Stranded Ship.jpg,Ac
66,durand,"72_durand_Fancy & Windsor Chair Manufactory, Wholesale & Retail, Thomas Ash, No. 33 John Street, New York.jpg",Ac
67,durand,145_durand_Gipseying Party.jpg,As
68,durand,282_durand_Capture of Major Andre..jpg,Ns
69,durand,15_durand_Delaware Water Gap.jpg,Cc
70,durand,1_durand_Kaaterskill Landscape.jpg,Ct
71,durand,"112_durand_Cadwallader David Colden, Mayor of New York City.jpg",Ac
72,durand,125_durand_Luman Reed.jpg,As
73,durand,83_durand_The Babbling Brook.jpg,Sc
74,durand,88_durand_The Wife.jpg,Ns
75,durand,58_durand_George Jones.jpg,Cs
76,durand,273_durand_Sketch from Nature.jpg,Cc
77,durand,258_durand_Kindred Spirits..jpg,Sc
78,durand,49_durand_Forest Trees.jpg,Cc
79,durand,100_durand_In the Woods.jpg,St
80,durand,"134_durand_Landscape—Scene from ""Thanatopsis.jpg",Ns
81,durand,198_durand_Progress.jpg,Cc
82,durand,243_durand_Sketchbook of Landscape and Figure Subjects.jpg,Sc
83,durand,"229_durand_Back cover of Tenth sketchbook with 39 Folios, 2 blank and yellow endpapers.jpg",As
84,durand,193_durand_The American Wilderness.jpg,Cc
85,durand,10_durand_Ariadne.jpg,St
86,durand,169_durand_Banknote vignette showing three men on a scaffold laying a brick wall.jpg,Ac
87,durand,231_durand_The Declaration of Independence after John Trumbull: Preparatory Drawing for the Engraving.jpg,St
88,durand,194_durand_God's Judgment upon Gog.jpg,Ac
89,durand,280_durand_Mrs. Duran & Her Sister..jpg,Cc
90,durand,170_durand_Banknote vignette with female figure representing marine commerce.jpg,Sc
91,durand,82_durand_Woodland Interior.jpg,Ns
92,durand,159_durand_View of New York from New Jersey.jpg,Ns
93,durand,43_durand_Ariadne.jpg,Ac
94,durand,74_durand_Jacob Brown.jpg,Ac
95,durand,240_durand_William Cullen Bryant (1794-1878).jpg,Ns
96,durand,251_durand_Francis William Edmonds.jpg,As
97,durand,"81_durand_Landscape-Scene from ""Thanatopsis"".jpg",Ns
98,durand,184_durand_Banknote vignette with the main street of a town.jpg,Ac
99,durand,107_durand_Stephen Decatur.jpg,As
100,durand,"163_durand_Cadwallader David Colden, Mayor of New York City.jpg",Cs
101,durand,207_durand_Landscape..jpg,Ns
102,durand,263_durand_Sketchbook of Landscape and Figure Subjects.jpg,Sc
103,durand,53_durand_Ariadne.jpg,Sc
104,durand,98_durand_Ariadne.jpg,Ns
105,durand,45_durand_Forenoon..jpg,Sc
106,durand,182_durand_Banknote motif: a child's portrait surrounded by a floral frame.jpg,Ac
107,durand,75_durand_The Beeches.jpg,Cc
108,durand,71_durand_William Floyd.jpg,Ct
109,durand,117_durand_Luman Reed.jpg,Ci
110,durand,230_durand_Landscape Scene from Thanatopsis.jpg,Sc
111,durand,135_durand_High Point: Shandaken Mountains.jpg,Ns
112,durand,"237_durand_Pool, no. 1.jpg",Cc
113,durand,244_durand_Drapery Study (from Sketchbook).jpg,Ns
114,durand,133_durand_Sketchbook of Landscape and Figure Subjects.jpg,As
115,durand,115_durand_Chocorua Peak.jpg,Cu
116,durand,192_durand_The Beeches.jpg,Ac
117,durand,203_durand_Woodland Interior.jpg,Sc
118,durand,68_durand_Lindley Murray.jpg,Ac
119,durand,268_durand_Sketchbook of Landscape and Figure Subjects.jpg,St
120,durand,221_durand_Luman Reed.jpg,As
121,durand,245_durand_Sketchbook of Landscape and Figure Subjects.jpg,Cs
122,durand,152_durand_James Henry Hackett.jpg,Ac
123,durand,47_durand_Kaaterskill Landscape.jpg,Ct
124,durand,167_durand_Banknote vignette showing a zebra.jpg,Ac
125,durand,144_durand_Greek Lovers.jpg,As
126,durand,206_durand_Forenoon: det.: figures.jpg,Ns
127,durand,222_durand_Figure Study (from Sketchbook).jpg,Ns
128,durand,130_durand_General Andrew Jackson.jpg,As
129,durand,65_durand_American Eclipse.jpg,Sc
130,durand,66_durand_The Wife.jpg,Cc
131,durand,"35_durand_Landscape-Scene from ""Thanatopsis"".jpg",Ns
132,durand,11_durand_The Falls of the Sawkill.jpg,As
133,durand,149_durand_David Crockett.jpg,Cc
134,durand,95_durand_Charles Carrol of Carrolton.jpg,Ac
135,durand,54_durand_Specimen Sheet of Bank Note Engraving.jpg,Ns
136,durand,131_durand_Proofs of Bank of New York One Dollar Bill and Two Dollar Bill.jpg,Ac
137,durand,265_durand_Sketchbook of Landscape and Figure Subjects.jpg,Cs
138,durand,153_durand_Rev. William Buell Sprague.jpg,As
139,durand,248_durand_Sketchbook of Landscape and Figure Subjects.jpg,St
140,durand,77_durand_The Edge of the Forest.jpg,Sc
141,durand,129_durand_Sketch from Nature.jpg,As
142,durand,39_durand_The old oak.jpg,Sc
143,durand,8_durand_Specimen Sheet of Bank Note Engraving.jpg,Ns
144,durand,"46_durand_The Declaration of Independence, July 4, 1776.jpg",As
145,durand,219_durand_In the Woods.jpg,Cc
146,durand,"189_durand_Nature Study, Trees, Newburgh, N.Y..jpg",Cs
147,durand,241_durand_Woodland Interior.jpg,Sc
148,durand,"24_durand_His Excellency Oliver Wolcott, Governor of the State of Connecticut.jpg",As
149,durand,204_durand_Catskill Clove..jpg,Sc
150,durand,"174_durand_Dance on the Battery [preliminary study for Dance on the Battery in Presence of Peter Stuyvesant, 1838, oil on canvas, Museum of the City of New York].jpg",St
151,durand,183_durand_Banknote vignette with haymakers symbolizing rural industry.jpg,Ac
152,durand,80_durand_Pastoral Landscape.jpg,Sc
153,durand,181_durand_Banknote vignette showing city buildings around a fenced-in green with children playing around an American flag.jpg,Ac
154,durand,191_durand_Kindred Spirits.jpg,Ac
155,durand,121_durand_Ariadne.jpg,Ac
156,durand,"0_durand_The Declaration of Independence, July 4, 1776.jpg",As
157,durand,277_durand_Kindred Spirits.jpg,Ns
158,durand,38_durand_Catskill Meadows in Summer.jpg,As
159,durand,210_durand_River Scene..jpg,Sc
160,durand,32_durand_In the Woods.jpg,Sc
161,durand,264_durand_Drapery Study (from Sketchbook).jpg,Ns
162,durand,199_durand_Creek in the Woods..jpg,Sc
163,durand,"190_durand_Study from Nature, Bronxville, N.Y..jpg",Sc
164,durand,9_durand_Musidora.jpg,As
165,durand,76_durand_The Stranded Ship.jpg,Ac
166,durand,160_durand_General Andrew Jackson.jpg,As
167,durand,63_durand_Ladies' Ticket of Admission to the Annual Caledonian Ball.jpg,Ac
168,durand,278_durand_Kindred Spirits..jpg,Sc
169,durand,141_durand_The Beeches.jpg,Cc
170,durand,108_durand_Joel Barlow.jpg,As
171,durand,256_durand_Landscape (from McGuire Scrapbook).jpg,St
172,durand,"116_durand_Accounts—""Life School"" (from Sketchbook).jpg",Ns
173,durand,"228_durand_Back cover of Third European sketchbook with 35 Folios, 2 blank.jpg",Ac
174,durand,118_durand_Mrs. Winfield Scott.jpg,As
175,durand,232_durand_Catskill Meadows in Summer.jpg,Sc
176,durand,51_durand_A Pastoral Scene.jpg,Cu
177,durand,55_durand_Musidora.jpg,As
178,durand,"59_durand_$1000 Bill for The Greenwich Bank, The City of New York.jpg",As
179,durand,122_durand_The Catskills.jpg,Sc
180,durand,224_durand_Thomas Pritchard Rossiter (1818-1871).jpg,As
181,durand,48_durand_Kindred spirits.jpg,Ns
182,durand,103_durand_Sarah Eliot Scoville.jpg,Cc
183,durand,"127_durand_Three Trees, Hoboken.jpg",Ns
184,durand,"186_durand_Banknote vignette with figures of different ages, representing the stages of life.jpg",Sc
185,durand,188_durand_Event handkerchief.jpg,Ac
186,durand,93_durand_Forest Stream with Vista.jpg,Cc
187,durand,84_durand_Catskill Meadows in Summer.jpg,As
188,durand,29_durand_The Beeches.jpg,Cc
189,durand,148_durand_Chief Justice John Marshall.jpg,As
190,durand,28_durand_Jacob Brown.jpg,Ac
191,durand,239_durand_Mrs. John Scoville (Sarah Eliot).jpg,As
192,durand,246_durand_Sketchbook of Landscape and Figure Subjects.jpg,Ns
193,durand,140_durand_John Trumbull.jpg,Ns
194,durand,124_durand_High Point: Shandaken Mountains.jpg,Ns
195,durand,179_durand_Banknote motif: Portrait on George Washington in a decorative panel.jpg,Ac
196,durand,17_durand_Ladies' Ticket of Admission to the Annual Caledonian Ball.jpg,Ac
197,durand,261_durand_Edge of the Forest..jpg,Ac
198,durand,212_durand_Landscape: det.: lt. hills and valleys.jpg,Ns
199,durand,178_durand_Banknote motifs: the number 5 and a building topped with a cupola.jpg,Ac
200,durand,"158_durand_John M. Mason, D.D. S.T.P. (1770-1829).jpg",Ac
201,durand,69_durand_William Floyd.jpg,Ac
202,durand,52_durand_Landscape with Birches.jpg,Sc
203,durand,128_durand_Banknote vignette showing woodsmen felling trees in a snowy forest.jpg,Ns
204,durand,238_durand_Bash-Bish Falls.jpg,As
205,durand,197_durand_Landscape: det.: rt. river.jpg,Ns
206,durand,"177_durand_Banknote vignette with three putti as a shepherd, a farmer, and a sailor.jpg",Sc
207,durand,97_durand_Mrs. Winfield Scott.jpg,Ac
208,durand,22_durand_Lindley Murray.jpg,Ac
209,durand,89_durand_Ariadne.jpg,Ac
210,durand,123_durand_White Mountains (?).jpg,Ns
211,durand,137_durand_Catherine Maria Sedgwick.jpg,St
212,durand,266_durand_Sketchbook of Landscape and Figure Subjects.jpg,Ns
213,durand,2_durand_Kindred spirits.jpg,Ns
214,durand,"156_durand_David Hosack, M.D., F.R.S..jpg",As
215,durand,143_durand_Landscape (from McGuire Scrapbook).jpg,Cc
216,durand,227_durand_Back cover of Second European sketchbook with 43 Folios.jpg,Ac
217,durand,96_durand_Charles Carroll of Carrollton.jpg,Cc
218,durand,"254_durand_Three Trees, Hoboken.jpg",Ns
219,durand,175_durand_Banknote motif with a girl's head derived from Leonardo da Vinci against a patterned band.jpg,Ac
220,durand,"225_durand_Hilly Landscape with Trees; from the disassembled ""Kingston Sketchbook"".jpg",Ns
221,durand,61_durand_Delaware Water Gap.jpg,Cc
222,durand,64_durand_Annual Caledonian Ball Ticket.jpg,Ac
223,durand,110_durand_Garrit Furman.jpg,Cs
224,durand,155_durand_Atlantic Souvenir (title page).jpg,Ac
225,durand,18_durand_Annual Caledonian Ball Ticket.jpg,Ac
226,durand,"275_durand_Three Trees, Hoboken.jpg",Ns
227,durand,"13_durand_$1000 Bill for The Greenwich Bank, The City of New York.jpg",As
228,durand,171_durand_Banknote vignette with a blacksmith and forge.jpg,Cc
229,durand,40_durand_Catskill Clove.jpg,Ac
230,durand,114_durand_Ariadne.jpg,Ns
231,durand,259_durand_Kaaterskill CloveCatskill Grove.jpg,Ns
232,durand,142_durand_Francis William Edmonds.jpg,As
233,durand,272_durand_High Point: Shandaken Mountains.jpg,St
234,durand,37_durand_The Babbling Brook.jpg,Sc
235,durand,12_durand_George Jones.jpg,Cs
236,durand,262_durand_Capture of Major Andre..jpg,Ns
237,durand,91_durand_Forenoon..jpg,Sc
238,durand,99_durand_Forest Scene in the Catskills.jpg,Sc
239,durand,50_durand_Forest in the Morning Light.jpg,Ac
240,durand,"60_durand_Honorable Willam Paulding, Mayor of the City of New York.jpg",Cc
241,durand,132_durand_Apollo Belvedere.jpg,Ac
242,durand,109_durand_The Wife.jpg,Cc
243,durand,187_durand_Banknote motifs: the number 5 and a portrait of Thayendanegea.jpg,Ac
244,durand,253_durand_Sketch from Nature.jpg,Cc
245,durand,4_durand_Forest in the Morning Light.jpg,Ac
246,durand,"14_durand_Honorable Willam Paulding, Mayor of the City of New York.jpg",Cc
247,durand,79_durand_Rip Van Winkle.jpg,Ac
248,durand,57_durand_The Falls of the Sawkill.jpg,As
249,durand,104_durand_Trees on a Rocky Hillside.jpg,Ac
250,durand,7_durand_Ariadne.jpg,Sc
251,durand,"226_durand_Sketch of a Mountain Landscape; from the disassembled ""Kingston Sketchbook""; verso: study of several trees.jpg",Ns
252,durand,195_durand_Woodland Glen.jpg,As
253,durand,260_durand_Mrs. Duran & Her Sister..jpg,Cc
254,durand,120_durand_Landscape with covered wagon.jpg,Sc
255,durand,139_durand_Jonathan Sturges.jpg,Ns
256,durand,211_durand_Chocorua Peak..jpg,St
257,durand,208_durand_Babbling Brook..jpg,Ns
258,durand,209_durand_Forenoon: det.: tree trunk.jpg,Sc
259,durand,42_durand_The Wife.jpg,Ns
260,durand,90_durand_Capture of Major Andre.jpg,Ac
261,durand,247_durand_Sketchbook of Landscape and Figure Subjects.jpg,Ac
262,durand,"200_durand_Indian Vespers, Last of the Mohicans.jpg",Ac
263,durand,220_durand_Luman Reed.jpg,As
264,durand,"146_durand_Hugh Williamson, M.D., L.L.D. (1735-1819).jpg",As
265,durand,213_durand_Landscape with Covered Wagon..jpg,Sc
266,durand,276_durand_Landscape (from McGuire Scrapbook).jpg,St
267,durand,"21_durand_Title Page: The New York Mirror, A Weekly Journal, Devoted to Literature and the Fine Arts. Embellished with Engravings and Music, Volume IX.jpg",Cc
268,durand,147_durand_The Dying Greek.jpg,Ac
269,durand,94_durand_Summer Afternoon.jpg,St
270,durand,202_durand_Sunset..jpg,Cs
271,durand,216_durand_Summer Afternoon.jpg,Ac
272,durand,267_durand_Sketchbook of Landscape and Figure Subjects.jpg,Ac
273,durand,271_durand_Francis William Edmonds.jpg,As
274,durand,102_durand_James Kent.jpg,Cc
275,durand,23_durand_William Floyd.jpg,Ac
276,durand,214_durand_Creek in the Woods: det.: bottom left.jpg,Sc
277,durand,196_durand_Landscsape composition (Catskills).jpg,Cs
278,durand,281_durand_Edge of the Forest..jpg,Ac
279,durand,"67_durand_Title Page: The New York Mirror, A Weekly Journal, Devoted to Literature and the Fine Arts. Embellished with Engravings and Music, Volume IX.jpg",Cc
280,durand,218_durand_Mrs. Winfield Scott.jpg,As
281,bierstadt,140_bierstadt_Lake Tahoe.jpg,Ac
282,bierstadt,222_bierstadt_Landscape Sketch (from Sketchbook).jpg,As
283,bierstadt,47_bierstadt_The Last of the Buffalo.jpg,Cs
284,bierstadt,115_bierstadt_Sunrise on the Matterhorn.jpg,Cs
285,bierstadt,255_bierstadt_Mountain Landscape Sketch (from Sketchbook).jpg,Ac
286,bierstadt,372_bierstadt_Mountain Landscape Near Canmore (from Sketchbook).jpg,As
287,bierstadt,71_bierstadt_Palm Trees with a Domed Church.jpg,Ac
288,bierstadt,394_bierstadt_Encampment with Canoes (from Sketchbook).jpg,Cc
289,bierstadt,321_bierstadt_Hills and Lake (from Sketchbook).jpg,Ac
290,bierstadt,37_bierstadt_Sail Boats.jpg,Ns
291,bierstadt,18_bierstadt_The Buffalo Trail.jpg,St
292,bierstadt,"92_bierstadt_Estes Park, Colorado.jpg",Cb
293,bierstadt,367_bierstadt_Cliffside with Trees (from Sketchbook).jpg,Ac
294,bierstadt,322_bierstadt_Mountain Landscape (from Sketchbook).jpg,Ac
295,bierstadt,64_bierstadt_Lake Tahoe.jpg,Cu
296,bierstadt,332_bierstadt_Landscape (from Sketchbook).jpg,Ac
297,bierstadt,312_bierstadt_Sketch of Boats on a Shore (from Sketchbook).jpg,As
298,bierstadt,111_bierstadt_Canadian Rockies (Lake Louise).jpg,Sc
299,bierstadt,"345_bierstadt_Bombardment of Fort Sumter [Union League, Phil.].jpg",Sc
300,bierstadt,16_bierstadt_Storm in the Mountains.jpg,Cu
301,bierstadt,281_bierstadt_Sketches of a Canoe and Sailboats (from Sketchbook).jpg,Ac
302,bierstadt,271_bierstadt_Sketches of Figures Bearing Arms (from Sketchbook).jpg,Ac
303,bierstadt,"98_bierstadt_The Rocky Mountains, Lander's Peak.jpg",St
304,bierstadt,"194_bierstadt_Shady Pool,White Mountains,New Hampshire.jpg",Ns
305,bierstadt,"154_bierstadt_Pioneers of the Woods, California: det..jpg",As
306,bierstadt,112_bierstadt_Alaska.jpg,Cs
307,bierstadt,254_bierstadt_Two Tree Sketches (from Sketchbook).jpg,Ac
308,bierstadt,116_bierstadt_Sunlight and Shadow.jpg,As
309,bierstadt,150_bierstadt_Yosemite Valley.jpg,Sc
310,bierstadt,38_bierstadt_Banana Trees.jpg,Ac
311,bierstadt,"389_bierstadt_Howe Sound, Above Vancouver (from Sketchbook).jpg",Sc
312,bierstadt,"162_bierstadt_White Mountains, New Hampshire..jpg",Ac
313,bierstadt,35_bierstadt_Canadian Rockies (Lake Louise).jpg,Ac
314,bierstadt,243_bierstadt_Tree Sketch (from Sketchbook).jpg,Cs
315,bierstadt,119_bierstadt_Roman Fish Market. Arch of Octavius.jpg,Ac
316,bierstadt,60_bierstadt_Laramie Peak.jpg,Ns
317,bierstadt,230_bierstadt_Vancouver (?) (from Sketchbook).jpg,Ac
318,bierstadt,429_bierstadt_Sketchbook of Northwest American and Canadian Scenery.jpg,Cc
319,bierstadt,"62_bierstadt_Nevada Falls, Yosemite.jpg",Ac
320,bierstadt,239_bierstadt_Sketches of Trees (from Sketchbook).jpg,Ns
321,bierstadt,106_bierstadt_Sketches of Canoes and a Figure Carrying a Barrel (from Sketchbook).jpg,As
322,bierstadt,43_bierstadt_Bombardment of Fort Sumter.jpg,As
323,bierstadt,"311_bierstadt_Cloud Study, Moonlight.jpg",As
324,bierstadt,178_bierstadt_St. Lawrence R. from the Citadel.jpg,Ns
325,bierstadt,278_bierstadt_Canadian Landscape with Mountains and Trees (from Sketchbook).jpg,Ac
326,bierstadt,"152_bierstadt_Indian Encampment, Shoshone Village.jpg",Cc
327,bierstadt,"193_bierstadt_Guerilla War: Enemy Attack on Union Pickets, 1862.jpg",St
328,bierstadt,"172_bierstadt_Marina Piccola, Capri: det.: right rocks & sky.jpg",Ns
329,bierstadt,"108_bierstadt_Howe Sound, Above Vancouver (from Sketchbook).jpg",Cs
330,bierstadt,2_bierstadt_Mountain Brook.jpg,As
331,bierstadt,"302_bierstadt_Rocky Pool, New Hampshire.jpg",Ac
332,bierstadt,129_bierstadt_Cloud Study.jpg,Sc
333,bierstadt,"42_bierstadt_The Saint Lawrence River from the Citadel, Quebec.jpg",Sc
334,bierstadt,391_bierstadt_Sketches of Three Trees (from Sketchbook).jpg,St
335,bierstadt,"179_bierstadt_Marina Piccola, Capri: det.: left fisherman & family.jpg",Sc
336,bierstadt,"73_bierstadt_Seal Rocks, Farallons.jpg",As
337,bierstadt,"189_bierstadt_Cathedral Rocks, Yosemite Valley, CAlifornia.jpg",Ac
338,bierstadt,368_bierstadt_Sketch of a Mountain Landscape with Trees (from Sketchbook).jpg,St
339,bierstadt,"397_bierstadt_Pond and Wild Terrain, Autumn (from Sketchbook).jpg",Cc
340,bierstadt,"7_bierstadt_Yosemite ValleyStarr King Mountain, California.jpg",Ns
341,bierstadt,201_bierstadt_The Sierra Nevada in California.jpg,Ac
342,bierstadt,174_bierstadt_Sacramento River Valley: det.: Bottom right.jpg,Sc
343,bierstadt,46_bierstadt_Seascape.jpg,As
344,bierstadt,103_bierstadt_Sea Cove.jpg,As
345,bierstadt,40_bierstadt_Niagara Falls.jpg,Cb
346,bierstadt,385_bierstadt_Sketches of Landscape Views after Leaving Seattle (from Sketchbook).jpg,Ac
347,bierstadt,"375_bierstadt_Cowlitz River; Kelso, Washington (from Sketchbook).jpg",Ns
348,bierstadt,285_bierstadt_Sketches of Rowboats (from Sketchbook).jpg,Ac
349,bierstadt,348_bierstadt_Buffalo Trail.jpg,Cu
350,bierstadt,147_bierstadt_Evening on the Prairie: det.: bottom left.jpg,Sc
351,bierstadt,78_bierstadt_Fishing Boats at Capri.jpg,Ns
352,bierstadt,199_bierstadt_Burning Ship.jpg,Ns
353,bierstadt,141_bierstadt_Lake Tahoe: Spear Fishing by Torchlight.jpg,Sc
354,bierstadt,421_bierstadt_Sketchbook of Northwest American and Canadian Scenery.jpg,Ac
355,bierstadt,"12_bierstadt_Merced River, Yosemite Valley.jpg",Ac
356,bierstadt,374_bierstadt_Sketches of Trees (from Sketchbook).jpg,Ac
357,bierstadt,75_bierstadt_Swiss Mountain Cabin.jpg,Sc
358,bierstadt,"90_bierstadt_Home Of The Rainbow Horse Shoe Fall,Niagara.jpg",Ns
359,bierstadt,426_bierstadt_Sketchbook of Northwest American and Canadian Scenery.jpg,Ac
360,bierstadt,41_bierstadt_Last of the Buffalo.jpg,As
361,bierstadt,223_bierstadt_Study of a Tree.jpg,Ci
362,bierstadt,314_bierstadt_Mountain Landscape Sketch (from Sketchbook).jpg,Ns
363,bierstadt,143_bierstadt_Sacramento River Valley.jpg,Sc
364,bierstadt,"130_bierstadt_View of  Chimney Rock, Ohalilah Sioux Village in the Foreground.jpg",Ac
365,bierstadt,66_bierstadt_Interior of a Library.jpg,Ns
366,bierstadt,240_bierstadt_Bay Scene (from Sketchbook).jpg,St
367,bierstadt,"76_bierstadt_Mount Brewer from Kings River Canyon, California.jpg",Sc
368,bierstadt,382_bierstadt_Mountain Landscape with Foreground Trees (from Sketchbook).jpg,Cs
369,bierstadt,8_bierstadt_Sierra Nevada.jpg,Cb
370,bierstadt,"384_bierstadt_Cowlitz River; Kelso, Washington (from Sketchbook).jpg",Ac
371,bierstadt,"27_bierstadt_Autumn Woods, Oneida County, State of New York.jpg",Sc
372,bierstadt,337_bierstadt_View of Mount Baker (from Sketchbook).jpg,Cc
373,bierstadt,177_bierstadt_Laramie Peak.jpg,Sc
374,bierstadt,23_bierstadt_Mount Corcoran.jpg,Cc
375,bierstadt,349_bierstadt_Thunderstorm in the Rocky Mountains.jpg,Ns
376,bierstadt,294_bierstadt_Captain Concay (?) Commanding The New (?) Santa Maria (from Sketchbook).jpg,Ac
377,bierstadt,125_bierstadt_Giant Redwood Trees of California.jpg,Ac
378,bierstadt,350_bierstadt_Surveyor's Wagon in the Rockies.jpg,As
379,bierstadt,274_bierstadt_Sketch of a Ship for the Landing of Columbus (from Sketchbook).jpg,Cs
380,bierstadt,256_bierstadt_Sketch of Mountain Scenery (from Sketchbook).jpg,Ac
381,bierstadt,424_bierstadt_Sketchbook of Northwest American and Canadian Scenery.jpg,Cc
382,bierstadt,161_bierstadt_Niagara Falls [Docent Council].jpg,Ac
383,bierstadt,28_bierstadt_Vista from a Tree Platform.jpg,Ac
384,bierstadt,353_bierstadt_Sketch of Forest Scenery (from Sketchbook).jpg,Cs
385,bierstadt,33_bierstadt_Thunderstorm in the Rocky Mountains.jpg,St
386,bierstadt,86_bierstadt_Donner Lake From the Summit.jpg,Ns
387,bierstadt,"251_bierstadt_Kalama, Columbia River, Washington (from Sketchbook).jpg",Ac
388,bierstadt,363_bierstadt_River Scene (Columbia ______?) (from Sketchbook).jpg,Ac
389,bierstadt,19_bierstadt_Donner Lake from the Summit.jpg,Cs
390,bierstadt,11_bierstadt_Mountain Scene.jpg,Ac
391,bierstadt,204_bierstadt_Interior of Malkasten.jpg,Ns
392,bierstadt,293_bierstadt_Sketches of Rowboat and Figure Standing in a Rowboat (from Sketchbook).jpg,Ac
393,bierstadt,423_bierstadt_Sketchbook of Northwest American and Canadian Scenery.jpg,Ac
394,bierstadt,245_bierstadt_Sketch of Mountains (from Sketchbook).jpg,St
395,bierstadt,289_bierstadt_Breech Loading Falconet (from Sketchbook).jpg,Cs
396,bierstadt,447_bierstadt_Sketchbook of Northwest American and Canadian Scenery.jpg,Ac
397,bierstadt,9_bierstadt_Valley of the Yosemite.jpg,Ac
398,bierstadt,192_bierstadt_Cathedral Forest.jpg,Ac
399,bierstadt,"188_bierstadt_Cathedral Rocks, Yosemite Valley, CAlifornia.jpg",Cs
400,bierstadt,"15_bierstadt_Mount Adams, Washington.jpg",St
401,bierstadt,268_bierstadt_Two Sketches: River Bank with Trees; Figure in a Canoe (from Sketchbook).jpg,Ac
402,bierstadt,"196_bierstadt_Bierstadt at Work on Lawn of Malkasten Home, Irvington,N.Y..jpg",Cc
403,bierstadt,395_bierstadt_Landscape with Tree in Foreground (from Sketchbook).jpg,Cs
404,bierstadt,110_bierstadt_Sketches of Armor and Figure (from Sketchbook).jpg,Cc
405,bierstadt,232_bierstadt_Tree (from Sketchbook).jpg,St
406,bierstadt,440_bierstadt_Sketchbook of Northwest American and Canadian Scenery.jpg,Ac
407,bierstadt,326_bierstadt_Mountain Landscape (from Sketchbook).jpg,Cs
408,bierstadt,433_bierstadt_Sketchbook of Northwest American and Canadian Scenery.jpg,Ac
409,bierstadt,409_bierstadt_Landscape with Trees and Figure in a Canoe (from Sketchbook).jpg,Ac
410,bierstadt,263_bierstadt_After the Storm.jpg,Ns
411,bierstadt,253_bierstadt_Small Section of a Landscape (from Sketchbook).jpg,As
412,bierstadt,209_bierstadt_Indians Traveling near Fort Laramie.jpg,Cs
413,bierstadt,238_bierstadt_Trees with Red Berries (from Sketchbook).jpg,Ac
414,bierstadt,369_bierstadt_Mountain Landscape with Trees (from Sketchbook).jpg,Sc
415,bierstadt,117_bierstadt_River Scene.jpg,Ns
416,bierstadt,157_bierstadt_Vernal Falls.jpg,Cc
417,bierstadt,173_bierstadt_Buffaloes on the Prairie.jpg,Cs
418,bierstadt,297_bierstadt_Sketchbook of Northwest American and Canadian Scenery.jpg,Cc
419,bierstadt,434_bierstadt_Sketchbook of Northwest American and Canadian Scenery.jpg,Ac
420,bierstadt,"146_bierstadt_El Capitan, Yosemite Valley, California.jpg",Ns
421,bierstadt,388_bierstadt_River Scene (Columbia _______?) (from Sketchbook).jpg,Ac
422,bierstadt,"31_bierstadt_New England Landscape (White Mts., N.H.).jpg",Ns
423,bierstadt,310_bierstadt_Valley of the Yosemite.jpg,Sc
424,bierstadt,96_bierstadt_The Overland Trail.jpg,Ns
425,bierstadt,246_bierstadt_Two Sketches of Bay Scenery (from Sketchbook).jpg,Ns
426,bierstadt,442_bierstadt_Sketchbook of Northwest American and Canadian Scenery.jpg,Cs
427,bierstadt,207_bierstadt_The Rocky Mountains.jpg,Sc
428,bierstadt,330_bierstadt_Tree (from Sketchbook).jpg,Ac
429,bierstadt,445_bierstadt_Sketchbook of Northwest American and Canadian Scenery.jpg,Cc
430,bierstadt,265_bierstadt_Weapons and Accessories (from Sketchbook).jpg,Ns
431,bierstadt,295_bierstadt_Study of a Rowboat: View Toward the Stern (from Sketchbook).jpg,Ns
432,bierstadt,401_bierstadt_Outline Sketches of Two Rowboats (from Sketchbook).jpg,Ac
433,bierstadt,"55_bierstadt_View from the Wind River Mountains, Wyoming.jpg",Sc
434,bierstadt,"158_bierstadt_Wolf River, Kansas.jpg",Sc
435,bierstadt,400_bierstadt_Rowboat (from Sketchbook).jpg,Cs
436,bierstadt,133_bierstadt_Lawn at Malkasten.jpg,Sc
437,bierstadt,206_bierstadt_The Last of the Buffalo.jpg,Ns
438,bierstadt,380_bierstadt_Landscape Sketch with Trees (from Sketchbook).jpg,Ac
439,bierstadt,333_bierstadt_Vancouver (?) (from Sketchbook).jpg,Ns
440,bierstadt,300_bierstadt_Valley of the Yosemite.jpg,Ns
441,bierstadt,343_bierstadt_California Spring (Landscape near Sacramento).jpg,St
442,bierstadt,244_bierstadt_River and Terrain covered with Autumn Frost (from Sketchbook).jpg,St
443,bierstadt,398_bierstadt_Hunter on Lake Nipissing; Lake Near Sudbury (from Sketchbook).jpg,St
444,bierstadt,52_bierstadt_On the Hudson.jpg,St
445,bierstadt,"65_bierstadt_Sunset Light, Wind River Range of the Rocky Mountains.jpg",Sc
446,bierstadt,"303_bierstadt_Bridal Veil Falls, Yosemite.jpg",Ns
447,bierstadt,317_bierstadt_Tree (from Sketchbook).jpg,St
448,bierstadt,329_bierstadt_Poplars (from Sketchbook).jpg,Cc
449,bierstadt,"306_bierstadt_Donner Lake, California.jpg",Cb
450,bierstadt,"159_bierstadt_Wasatch Mountains, Wind River Country, Wyoming.jpg",Cc
451,bierstadt,436_bierstadt_Sketchbook of Northwest American and Canadian Scenery.jpg,Ns
452,bierstadt,411_bierstadt_Flag (from Sketchbook).jpg,Ns
453,bierstadt,296_bierstadt_Ship Study for the Landing of Columbus (from Sketchbook).jpg,Cs
454,bierstadt,252_bierstadt_Mountain Landscape with Trees (from Sketchbook).jpg,Cc
455,bierstadt,378_bierstadt_Sketches of Trees (from Sketchbook).jpg,Ac
456,bierstadt,"309_bierstadt_Fraser (?) River, Warnock (from Sketchbook).jpg",Sc
457,bierstadt,242_bierstadt_Tree (from Sketchbook).jpg,Ac
458,bierstadt,100_bierstadt_The Matterhorn.jpg,Ac
459,bierstadt,39_bierstadt_Niagara from the American Side.jpg,Ns
460,bierstadt,97_bierstadt_Mountain Scene.jpg,Ac
461,bierstadt,325_bierstadt_Landscape (from Sketchbook).jpg,Ns
462,bierstadt,128_bierstadt_Westphalia.jpg,Ns
463,bierstadt,101_bierstadt_Surveyor's Wagon in the Rockies.jpg,St
464,bierstadt,"351_bierstadt_Sunset Light, Wind River Range of the Rocky Mountains.jpg",As
465,bierstadt,50_bierstadt_Indians near Fort Laramie.jpg,Cc
466,bierstadt,403_bierstadt_Sketchbook of Northwest American and Canadian Scenery.jpg,Ns
467,bierstadt,208_bierstadt_Shore of the Turquoise Sea.jpg,Ns
468,bierstadt,160_bierstadt_Coastal Scene.jpg,Ns
469,bierstadt,404_bierstadt_Sketchbook of Northwest American and Canadian Scenery.jpg,Ac
470,bierstadt,237_bierstadt_Alder and Evergreen (from Sketchbook).jpg,Cc
471,bierstadt,"32_bierstadt_Lake Tahoe, California.jpg",Ac
472,bierstadt,156_bierstadt_Wreck of the Ancon in Loring Bay.jpg,Cc
473,bierstadt,202_bierstadt_Sierra Nevada in California.jpg,Cu
474,bierstadt,5_bierstadt_Mount Vesuvius at Midnight.jpg,As
475,bierstadt,"1_bierstadt_Among the Sierra Nevada, California.jpg",Ac
476,bierstadt,418_bierstadt_Ship and Windsock (from Sketchbook).jpg,Cs
477,bierstadt,248_bierstadt_Sketch of Bow River and Canadian Rockies (from Sketchbook).jpg,Ac
478,bierstadt,"299_bierstadt_Sketchbook of Columbus Subjects: Caravels, Figures, Heraldry, and Accessories.jpg",Ac
479,bierstadt,358_bierstadt_Sketch of Mountains and Forest (from Sketchbook).jpg,Cs
480,bierstadt,67_bierstadt_Sunrise in the Sierras.jpg,As
481,bierstadt,233_bierstadt_Trees (from Sketchbook).jpg,Cc
482,bierstadt,439_bierstadt_Sketchbook of Northwest American and Canadian Scenery.jpg,Cs
483,bierstadt,346_bierstadt_Valley of the Yosemite.jpg,As
484,bierstadt,292_bierstadt_Studies of Coats of Arms for the Landing of Columbus (from Sketchbook).jpg,Ac
485,bierstadt,"54_bierstadt_Bridal Veil Falls, Yosemite Valley, California.jpg",Cs
486,bierstadt,"6_bierstadt_The Rocky Mountains, Lander's Peak.jpg",Sc
487,bierstadt,284_bierstadt_Sketch of a Rowboat (from Sketchbook).jpg,Cs
488,bierstadt,213_bierstadt_Thunderstorm in the Rocky Mountains.jpg,Sc
489,bierstadt,29_bierstadt_Indian Beauty.jpg,Ac
490,bierstadt,"304_bierstadt_Bridal Veil Falls, Yosemite.jpg",Ns
491,bierstadt,13_bierstadt_Yosemite Falls.jpg,Cb
492,bierstadt,77_bierstadt_Multnomah Falls.jpg,Ac
493,bierstadt,405_bierstadt_Sketch of a Cliffside with Trees (from Sketchbook).jpg,Cc
494,bierstadt,341_bierstadt_California Spring (Landscape near Sacramento).jpg,St
495,bierstadt,275_bierstadt_Mission (Warnock?): Landscape with Mountains and Foreground Trees (from Sketchbook).jpg,Cs
496,bierstadt,"36_bierstadt_The Grizzly Giant Sequoia, Mariposa Grove, California.jpg",Ac
497,bierstadt,291_bierstadt_Study of a Flag for the Landing of Columbus (from Sketchbook).jpg,Cc
498,bierstadt,"219_bierstadt_Fraser (?) River, Warnock (from Sketchbook).jpg",Ac
499,bierstadt,191_bierstadt_The Conflagration.jpg,Sc
500,bierstadt,99_bierstadt_Studies of Indian Chiefs Made at Fort Laramie.jpg,Ac
501,bierstadt,45_bierstadt_Sierra Nevada in California..jpg,Ac
502,bierstadt,"44_bierstadt_Echo Lake, Franconia Mountains, New Hampshire.jpg",Ac
503,bierstadt,"280_bierstadt_Mountain Landscape with River (Stave?), Trees, and Island (from Sketchbook).jpg",Cs
504,bierstadt,168_bierstadt_Butterfly.jpg,Ac
505,bierstadt,186_bierstadt_Bison with Coyotes in the Background.jpg,Ac
506,bierstadt,"390_bierstadt_Sketch of Mountains, Peaks, and Terrain (from Sketchbook).jpg",As
507,bierstadt,319_bierstadt_Mountain Landscape Sketch (from Sketchbook).jpg,Cc
508,bierstadt,118_bierstadt_California Spring.jpg,Cb
509,bierstadt,176_bierstadt_Antelope.jpg,Sc
510,bierstadt,269_bierstadt_Study for Seascape (from Sketchbook).jpg,Ac
511,bierstadt,136_bierstadt_Olevano.jpg,Cb
512,bierstadt,"164_bierstadt_Platte River, Nebraska.jpg",Ns
513,bierstadt,272_bierstadt_Sketches of Telescopes on a Ship's Deck (from Sketchbook).jpg,Ac
514,bierstadt,88_bierstadt_Falls of St. Anthony: det.: mid right.jpg,Ns
515,bierstadt,383_bierstadt_River Scene (Columbia ______?) (from Sketchbook).jpg,Cc
516,bierstadt,231_bierstadt_Trees on a Hill (from Sketchbook).jpg,Ns
517,bierstadt,195_bierstadt_Yosemite Valley.jpg,Cs
518,bierstadt,134_bierstadt_Saint Anthony's Falls.jpg,Ns
519,bierstadt,"338_bierstadt_Mountain, Lake with Sailboats (from Sketchbook).jpg",Cc
520,bierstadt,"149_bierstadt_Marina Piccola, Capri.jpg",Ns
521,bierstadt,229_bierstadt_Two Landscape Sketches (from Sketchbook).jpg,Cs
522,bierstadt,26_bierstadt_Four Portraits of North American Indians; verso: Sketch of Brave Riding a Horse and Shooting a Bow and Arrow.jpg,Ac
523,bierstadt,"74_bierstadt_Rocky Mountains, Lander's Peak.jpg",Ac
524,bierstadt,190_bierstadt_Surveyor's Wagon in the Rockies.jpg,St
525,bierstadt,59_bierstadt_Five Portraits of North American Indians.jpg,Ac
526,bierstadt,109_bierstadt_Sketch of a Mountain Landscape (from Sketchbook).jpg,Ns
527,bierstadt,10_bierstadt_Shoshone Indians _ Rocky Mountains.jpg,Ac
528,bierstadt,"355_bierstadt_Sketch of Mountains, Lake, and Canoe (from Sketchbook).jpg",Ns
529,bierstadt,364_bierstadt_Sketch of Bow River and Canadian Rockies (from Sketchbook).jpg,As
530,bierstadt,"352_bierstadt_Rocky Mountains, Lander's peak.jpg",Sc
531,bierstadt,"0_bierstadt_Yosemite Valley, Glacier Point Trail.jpg",Ns
532,bierstadt,197_bierstadt_Rising Mist.jpg,Ns
533,bierstadt,56_bierstadt_Landscape.jpg,Sc
534,bierstadt,428_bierstadt_Sketchbook of Northwest American and Canadian Scenery.jpg,Ac
535,bierstadt,"347_bierstadt_Rocky Mountains, Lander's peak.jpg",Sc
536,bierstadt,"80_bierstadt_Piz Bernina, Switzerland.jpg",Ns
537,bierstadt,120_bierstadt_Yosemite Falls.jpg,Ac
538,bierstadt,95_bierstadt_Yosemite Valley.jpg,Ns
539,bierstadt,216_bierstadt_Landscape in the Bahamas.jpg,Sc
540,bierstadt,228_bierstadt_Landing of Columbus.jpg,Ac
541,bierstadt,290_bierstadt_Sketch of a Ship at Anchor for The Landing of Columbus (from Sketchbook).jpg,Cs
542,bierstadt,"187_bierstadt_Wreck of the ""Ancon"" in Loring Bay, Alaska.jpg",Ns
543,bierstadt,"342_bierstadt_Donner Lake, California.jpg",Ns
544,bierstadt,58_bierstadt_Niagara.jpg,Ns
545,bierstadt,236_bierstadt_Tree Landscape (from Sketchbook).jpg,Ns
546,bierstadt,"399_bierstadt_Landscape with Bay, Trees, and Mountains [Red Rock?] (from Sketchbook).jpg",Ns
547,bierstadt,410_bierstadt_Sketches of Two Trees and a Mountain (from Sketchbook).jpg,Ac
548,bierstadt,396_bierstadt_Canadian Mountain Scene (from Sketchbook).jpg,Cc
549,bierstadt,"165_bierstadt_Marina Piccola, Capri: det.: cent net mender.jpg",Ac
550,bierstadt,324_bierstadt_Port Havey (?) (from Sketchbook).jpg,Ns
551,bierstadt,57_bierstadt_Nooning on the Platte.jpg,Sc
552,bierstadt,387_bierstadt_Rocky Inlet (from Sketchbook).jpg,Cs
553,bierstadt,82_bierstadt_Sierra Nevada in California..jpg,Ns
554,bierstadt,180_bierstadt_Mount Vesuvius at Midnight.jpg,As
555,bierstadt,84_bierstadt_Falls of St. Anthony.jpg,Sc
556,bierstadt,"72_bierstadt_Wreck of the ""Ancon"" in Loring Bay, Alaska.jpg",Ns
557,bierstadt,356_bierstadt_Mountain Sketch (from Sketchbook).jpg,Cc
558,bierstadt,334_bierstadt_Tree (from Sketchbook).jpg,Cc
559,bierstadt,"25_bierstadt_View of Mount Washington, from Near North Conway, New Hampshire.jpg",Ns
560,bierstadt,181_bierstadt_Roman Fish Market. Arch of Octavius.jpg,As
561,bierstadt,137_bierstadt_Indians Spear Fishing.jpg,Ns
562,bierstadt,"415_bierstadt_Mountain Landscape with River (Stave?), Trees, and Island (from Sketchbook).jpg",St
563,bierstadt,420_bierstadt_Sketchbook of Northwest American and Canadian Scenery.jpg,Cs
564,bierstadt,81_bierstadt_Sea Cove.jpg,As
565,bierstadt,308_bierstadt_Nassau Harbor.jpg,Cs
566,bierstadt,357_bierstadt_Sketches of Trees (from Sketchbook).jpg,St
567,bierstadt,127_bierstadt_California Redwoods.jpg,Sc
568,bierstadt,30_bierstadt_Niagara Falls.jpg,Ac
569,bierstadt,331_bierstadt_Canadian Mountain Peaks (from Sketchbook).jpg,Cs
570,bierstadt,381_bierstadt_View of Mount Baker (from Sketchbook).jpg,Ns
571,bierstadt,286_bierstadt_Study of a Ship and Rowboat (from Sketchbook).jpg,Cs
572,bierstadt,427_bierstadt_Sketchbook of Northwest American and Canadian Scenery.jpg,As
573,bierstadt,277_bierstadt_Sketches of Landscape Views after Leaving Seattle (from Sketchbook).jpg,St
574,bierstadt,121_bierstadt_Fir Trees and Storm Clouds.jpg,Cu
575,bierstadt,22_bierstadt_Thunderstorm in the Rocky Mountains.jpg,Cc
576,bierstadt,68_bierstadt_Storm in the Mountains.jpg,Cc
577,bierstadt,276_bierstadt_Sketch of Bow River and Canadian Rockies (from Sketchbook).jpg,Ac
578,bierstadt,132_bierstadt_The Merced River in Yosemite.jpg,As
579,bierstadt,"298_bierstadt_Sketchbook of Columbus Subjects: Caravels, Figures, Heraldry, and Accessories.jpg",Ns
580,bierstadt,225_bierstadt_Sketch of Mountains and Forest (from Sketchbook).jpg,Ac
581,bierstadt,"250_bierstadt_Geographical and Geological Notes on Skagit County, Washington (from Sketchbook).jpg",Ac
582,bierstadt,313_bierstadt_Port Havey (?) (from Sketchbook).jpg,Ns
583,bierstadt,17_bierstadt_Valley of the Yosemite.jpg,Ac
584,bierstadt,217_bierstadt_The IslandIsland in the Lake.jpg,Ns
585,bierstadt,104_bierstadt_Sunrise on the Matterhorn.jpg,As
586,bierstadt,270_bierstadt_Canadian Rockies (Lake Louise).jpg,Sc
587,bierstadt,205_bierstadt_Interior of Malkasten.jpg,Ns
588,bierstadt,406_bierstadt_Sketches of a Cliffside and a Tree (from Sketchbook).jpg,Cs
589,bierstadt,123_bierstadt_Farallon Islands.jpg,As
590,bierstadt,425_bierstadt_Sketchbook of Northwest American and Canadian Scenery.jpg,Cs
591,bierstadt,335_bierstadt_Tree (from Sketchbook).jpg,Cc
592,bierstadt,422_bierstadt_Sketchbook of Northwest American and Canadian Scenery.jpg,Cs
593,bierstadt,"393_bierstadt_Kalama, Columbia River, Washington (from Sketchbook).jpg",Ns
594,bierstadt,407_bierstadt_Two Landscape Sketches with Trees and Mountains (from Sketchbook).jpg,St
595,bierstadt,70_bierstadt_Figure Study for The Last of the Buffalo.jpg,Sc
596,bierstadt,288_bierstadt_Sketch of a Caravel; Figure in a Boat (from Sketchbook).jpg,Cs
597,bierstadt,241_bierstadt_Rocky Landscape with Trees (from Sketchbook).jpg,Ac
598,bierstadt,87_bierstadt_Storm in the Mountains.jpg,Ns
599,bierstadt,408_bierstadt_Map of Region Northwest of Mount Tacoma (from Sketchbook).jpg,Ac
600,bierstadt,336_bierstadt_Mountain Landscape Near Canmore (from Sketchbook).jpg,Cs
601,bierstadt,413_bierstadt_Flag (from Sketchbook).jpg,As
602,bierstadt,183_bierstadt_In the Sierras.jpg,Ns
603,bierstadt,226_bierstadt_Sketch of Boats on a Shore (from Sketchbook).jpg,Cs
604,bierstadt,227_bierstadt_Sierra Nevada.jpg,Ns
605,bierstadt,258_bierstadt_Mountain Landscape with Trees (from Sketchbook).jpg,Ac
606,bierstadt,3_bierstadt_The Trappers' Camp.jpg,Sc
607,bierstadt,249_bierstadt_Mountain Landscape Near Canmore (from Sketchbook).jpg,Ac
608,bierstadt,184_bierstadt_Nassau Harbor.jpg,Cs
609,bierstadt,379_bierstadt_Port Havey (?) (from Sketchbook).jpg,Cs
610,bierstadt,261_bierstadt_Sketch of Forest Scenery (from Sketchbook).jpg,Cc
611,bierstadt,124_bierstadt_Ruins of Paestum.jpg,Cs
612,bierstadt,"170_bierstadt_Pioneers of the Woods, California: det..jpg",Ac
613,bierstadt,"224_bierstadt_Sketch of Mountains, Peaks, and Terrain (from Sketchbook).jpg",Ac
614,bierstadt,234_bierstadt_Sketch of Mountains (from Sketchbook).jpg,Ac
615,bierstadt,432_bierstadt_Sketchbook of Northwest American and Canadian Scenery.jpg,Cc
616,bierstadt,203_bierstadt_Interiors of Malkasten.jpg,Ns
617,bierstadt,83_bierstadt_Evening on the Prairie.jpg,Ac
618,bierstadt,"93_bierstadt_South Pass, Wind River Mountains..jpg",Cc
619,bierstadt,328_bierstadt_Tree (from Sketchbook).jpg,Sc
620,bierstadt,435_bierstadt_Sketchbook of Northwest American and Canadian Scenery.jpg,Cs
621,bierstadt,145_bierstadt_Wreck of the Ancon in Loring Bay.jpg,Sc
622,bierstadt,"53_bierstadt_Rocky Mountains, ""Lander's Peak"".jpg",Ac
623,bierstadt,416_bierstadt_Landscape with Two Trees in Foreground (from Sketchbook).jpg,Cc
624,bierstadt,366_bierstadt_River and Terrain covered with Autumn Frost (from Sketchbook).jpg,St
625,bierstadt,417_bierstadt_Trees on a Cliffside with a Mountain in the Background (from Sketchbook).jpg,Cc
626,bierstadt,151_bierstadt_Yosemite Valley: det.: left corner.jpg,Ac
627,bierstadt,"155_bierstadt_Cho-looke, The Yosemite Fall.jpg",Ac
628,bierstadt,446_bierstadt_Sketchbook of Northwest American and Canadian Scenery.jpg,As
629,bierstadt,279_bierstadt_Two Rowboats (from Sketchbook).jpg,Ac
630,bierstadt,210_bierstadt_Bombardment of Fort Sumter.jpg,Ns
631,bierstadt,260_bierstadt_Riverbank with Mountains and Trees (from Sketchbook).jpg,Ac
632,bierstadt,"412_bierstadt_Landscape with Bay, Trees, and Mountains [Red Rock?] (from Sketchbook).jpg",Ns
633,bierstadt,441_bierstadt_Sketchbook of Northwest American and Canadian Scenery.jpg,Cc
634,bierstadt,315_bierstadt_Tree Landscape (from Sketchbook).jpg,Ac
635,bierstadt,"218_bierstadt_Sketch of Rocky Mountains, Canada (from Sketchbook).jpg",St
636,bierstadt,221_bierstadt_Sketch of Mountains and Lake (from Sketchbook).jpg,Cc
637,bierstadt,"163_bierstadt_Marina Piccola, Capri: det.: left mountain.jpg",St
638,bierstadt,185_bierstadt_Yosemite Valley.jpg,Ns
639,bierstadt,105_bierstadt_Tree Sketch and Landscape (from Sketchbook).jpg,Ac
640,bierstadt,"340_bierstadt_St. Lawrence River, from the Citadel, Quebec.jpg",Ns
641,bierstadt,"377_bierstadt_Sketch of Mountains, Lake, and Canoe (from Sketchbook).jpg",Cs
642,bierstadt,419_bierstadt_Four Rowboat Sketches (from Sketchbook).jpg,Cs
643,bierstadt,139_bierstadt_The Rocky Mountains.jpg,Ns
644,bierstadt,"94_bierstadt_View of Donner Lake, California.jpg",Ac
645,bierstadt,267_bierstadt_Mountain Landscape with River (Stave?) and Trees (from Sketchbook).jpg,Ac
646,bierstadt,437_bierstadt_Sketchbook of Northwest American and Canadian Scenery.jpg,Ac
647,bierstadt,"392_bierstadt_Cowlitz River; Kelso, Washington (from Sketchbook).jpg",Ac
648,bierstadt,376_bierstadt_Bay Scene at Sunset (from Sketchbook).jpg,Cs
649,bierstadt,362_bierstadt_Landscape with Mountains and Hills (from Sketchbook).jpg,As
650,bierstadt,370_bierstadt_Trees on a Cliffside (from Sketchbook).jpg,Ac
651,bierstadt,24_bierstadt_Indians Hunting Buffalo.jpg,As
652,bierstadt,"20_bierstadt_Geyser, Yellowstone Park.jpg",Ci
653,bierstadt,114_bierstadt_Puget Sound on the Pacific Coast.jpg,As
654,bierstadt,182_bierstadt_In the Rockies.jpg,Cc
655,bierstadt,430_bierstadt_Sketchbook of Northwest American and Canadian Scenery.jpg,St
656,bierstadt,316_bierstadt_Canadian Mountain Peaks (from Sketchbook).jpg,St
657,bierstadt,215_bierstadt_Mount Rosalie.jpg,Ac
658,bierstadt,318_bierstadt_Landscape (from Sketchbook).jpg,Ac
659,bierstadt,443_bierstadt_Sketchbook of Northwest American and Canadian Scenery.jpg,Ns
660,bierstadt,"14_bierstadt_Indian Encampment, Shoshone Village.jpg",Ac
661,bierstadt,"371_bierstadt_Sketch of Rocky Mountains, Canada (from Sketchbook).jpg",Ns
662,bierstadt,287_bierstadt_Sketch of a Ship's Stern (from Sketchbook).jpg,Ac
663,bierstadt,365_bierstadt_View of Mount Suskan  (from Sketchbook).jpg,Ns
664,bierstadt,"282_bierstadt_Sketch of Mountains, Peaks, and Terrain (from Sketchbook).jpg",Cs
665,bierstadt,247_bierstadt_Riverbank with Mountains (from Sketchbook).jpg,Ac
666,bierstadt,386_bierstadt_Sketch of Boats on a Shore (from Sketchbook).jpg,Ns
667,bierstadt,344_bierstadt_California Spring (Landscape near Sacramento).jpg,Ac
668,bierstadt,"61_bierstadt_The Marina Piccola, Capri.jpg",Ns
669,bierstadt,307_bierstadt_The Rocky Mountains.jpg,Ac
670,bierstadt,107_bierstadt_Three Figures (from Sketchbook).jpg,Ac
671,bierstadt,301_bierstadt_Thunderstorm in the Rocky Mountains.jpg,As
672,bierstadt,131_bierstadt_San Francisco Bay.jpg,Ns
673,bierstadt,235_bierstadt_Lake Nipissing (from Sketchbook).jpg,Cs
674,bierstadt,414_bierstadt_Standard (from Sketchbook).jpg,Cs
675,bierstadt,138_bierstadt_Thunderstorm in the Rocky mountains.jpg,Sc
676,bierstadt,"266_bierstadt_Nevada Falls, Yosemite.jpg",Ac
677,bierstadt,444_bierstadt_Sketchbook of Northwest American and Canadian Scenery.jpg,Ac
678,bierstadt,89_bierstadt_Western Landscape.jpg,Sc
679,bierstadt,"339_bierstadt_The Rocky Mountains, Lander's Peak.jpg",Sc
680,bierstadt,200_bierstadt_King's River Canyon.jpg,Ns
681,bierstadt,"166_bierstadt_Marina Piccola, Capri: det.: right ships & rocks.jpg",St
682,bierstadt,135_bierstadt_Alaskan Coast Range.jpg,Sc
683,bierstadt,34_bierstadt_Lake Lucerne.jpg,Sc
684,bierstadt,"49_bierstadt_Storm in the Rocky Mountains, Mt. Rosalie.jpg",Ac
685,bierstadt,259_bierstadt_View of Mount Suskan  (from Sketchbook).jpg,Cs
686,bierstadt,373_bierstadt_Sketches of Landscape Views after Leaving Seattle (from Sketchbook).jpg,Cs
687,bierstadt,211_bierstadt_The Buffalo Trail.jpg,Cs
688,bierstadt,359_bierstadt_Bay Scene; Sketches of Two Boats (from Sketchbook).jpg,As
689,bierstadt,327_bierstadt_Landscape (from Sketchbook).jpg,St
690,bierstadt,169_bierstadt_Horses in the Wilderness.jpg,Ns
691,bierstadt,438_bierstadt_Sketchbook of Northwest American and Canadian Scenery.jpg,Ns
692,bierstadt,"175_bierstadt_Buffalo Charge (from F.L. Ludlow's ""Heart of the Continent"").jpg",Ac
693,bierstadt,21_bierstadt_Buffalo Trail: The Impending Storm.jpg,Ns
694,bierstadt,305_bierstadt_The Rocky Mountains.jpg,St
695,bierstadt,198_bierstadt_Buffaloes on the Prairie.jpg,Cc
696,bierstadt,171_bierstadt_Falls of St. Anthony: det.: bottom left.jpg,Sc
697,bierstadt,257_bierstadt_Two Sketches of Mountain Landscapes (from Sketchbook).jpg,Cs
698,bierstadt,91_bierstadt_Sacramento River Valley: det.: Bottom mid..jpg,Cs
699,bierstadt,402_bierstadt_Sketchbook of Northwest American and Canadian Scenery.jpg,Cs
700,bierstadt,283_bierstadt_Outline Sketch of a Ship's Stern (from Sketchbook).jpg,Ac
701,bierstadt,51_bierstadt_Fir Trees and Storm Clouds.jpg,Cc
702,bierstadt,79_bierstadt_Indians near Fort Laramie.jpg,Ac
703,bierstadt,320_bierstadt_Hills and Lake (from Sketchbook).jpg,St
704,bierstadt,122_bierstadt_Nassau Harbor.jpg,St
705,bierstadt,"220_bierstadt_Fraser (?) River, Warnock (from Sketchbook).jpg",Ac
706,bierstadt,212_bierstadt_Last of the Buffalo.jpg,Ns
707,bierstadt,431_bierstadt_Sketch of a Ship Seen from the Stern (from Sketchbook).jpg,Ac
708,bierstadt,323_bierstadt_Bay Scene (from Sketchbook).jpg,As
709,bierstadt,"214_bierstadt_St.Lawrence River from the Citadel,Quebec.jpg",Sc
710,bierstadt,63_bierstadt_Figure Study for The Last of the Buffalo.jpg,As
711,bierstadt,153_bierstadt_Sacramento Valley in Spring.jpg,Cu
712,bierstadt,264_bierstadt_Studies of Indian Chiefs Made at Fort Laramie.jpg,Ac
713,bierstadt,69_bierstadt_Horse Study for The Last of the Buffalo.jpg,Ac
714,bierstadt,"4_bierstadt_Merced River, Yosemite Valley.jpg",Ac
715,bierstadt,360_bierstadt_Landscape Sketch with Trees (from Sketchbook).jpg,As
716,bierstadt,113_bierstadt_Blue Mountain and Lake.jpg,Ct
717,bierstadt,273_bierstadt_Sketchbook of Northwest American and Canadian Scenery.jpg,Ac
718,bierstadt,354_bierstadt_Sketch of a Mountain Landscape with Trees (from Sketchbook).jpg,Ns
719,bierstadt,262_bierstadt_Bay Scene; Sketches of Two Boats (from Sketchbook).jpg,Ac
720,bierstadt,144_bierstadt_Sierra Nevada Morning.jpg,Sc
721,bierstadt,167_bierstadt_Mount Whitney-Grandeur of the Rockies.jpg,Ns
722,bierstadt,361_bierstadt_Sketch of Sky and Mountains (from Sketchbook).jpg,Ns
723,bierstadt,142_bierstadt_Yosemite Valley.jpg,Ns
724,bierstadt,"102_bierstadt_Black Hills, Colorado.jpg",Cs
725,bierstadt,"48_bierstadt_Sunrise, Yosemite Valley.jpg",Cb
726,bierstadt,85_bierstadt_Grizzly Bears.jpg,Sc
727,church,123_church_Hudson River Valley in Winter Looking Southwest from Olana.jpg,As
728,church,85_church_Olana.jpg,Ns
729,church,"76_church_Magdalena River, New Granada, Equador.jpg",Sc
730,church,100_church_Twilight in the Wilderness.jpg,Ac
731,church,151_church_To the Memory of Cole.jpg,Sc
732,church,97_church_The Parthenon.jpg,Ns
733,church,"165_church_Sunset, Bar Harbor.jpg",As
734,church,38_church_Olana.jpg,Ns
735,church,"126_church_Beacon, off Mount Desert Island.jpg",Ac
736,church,"66_church_Otter Creek, Mt. Desert.jpg",Ns
737,church,159_church_Jerusalem from the Mount of Olives.jpg,Sc
738,church,42_church_Olana.jpg,Cc
739,church,134_church_Olana (State Historic Site).jpg,Cu
740,church,43_church_Pinchincha Bridge at San Luis Rey.jpg,St
741,church,19_church_Cayambe.jpg,Ns
742,church,33_church_Olana.jpg,Ns
743,church,15_church_A Country Home.jpg,Sc
744,church,137_church_Olana (State Historic Site).jpg,Cc
745,church,153_church_Sunset.jpg,As
746,church,67_church_Cayambe.jpg,Ns
747,church,131_church_Heart of the Andes.jpg,Ns
748,church,"28_church_Magdalena River, New Granada, Equador.jpg",Sc
749,church,22_church_Early Autumn.jpg,Cs
750,church,88_church_Olana (Residence of Frederic E. Church).jpg,Ac
751,church,157_church_Niagara Falls.jpg,Sc
752,church,120_church_Shore of Lake and Foothills of Mount Katahdin.jpg,Ns
753,church,95_church_Olana.jpg,Cs
754,church,80_church_Icebergs.jpg,Ns
755,church,149_church_Andes of Ecuador.jpg,Sc
756,church,148_church_Storm in the Mountains.jpg,Cc
757,church,51_church_Niagara.jpg,Cc
758,church,37_church_Olana.jpg,Ns
759,church,79_church_Cayambe.jpg,Sc
760,church,73_church_Heart of the Andes.jpg,Sc
761,church,111_church_Mount Katahdin from the West [Looking West toward Mount Katahdin].jpg,Ns
762,church,"125_church_Rough Surf, Mount Desert Island, Maine.jpg",Cc
763,church,174_church_Olana.jpg,Cs
764,church,60_church_A Passing Storm.jpg,As
765,church,9_church_Rainy Season in the Tropics.jpg,Ac
766,church,50_church_View of Cotopaxi.jpg,Sc
767,church,92_church_Olana (Residence of Frederic E. Church).jpg,Ns
768,church,46_church_Olana.jpg,Ac
769,church,122_church_Sunset Across the Hudson Valley.jpg,Sc
770,church,7_church_The Andes of Ecuador.jpg,Sc
771,church,158_church_La Magdalena (Scene on the Magdalena).jpg,Sc
772,church,"128_church_West Rock, New Haven.jpg",Ns
773,church,54_church_The Parthenon.jpg,Ns
774,church,81_church_Olana.jpg,Ns
775,church,118_church_Distant View of the Katahdin shown from West.jpg,Cs
776,church,136_church_Heart of the Andes.jpg,Ns
777,church,"18_church_Otter Creek, Mt. Desert.jpg",Ns
778,church,172_church_Niagara.jpg,Ac
779,church,4_church_Mt. Ktaadn.jpg,Sc
780,church,59_church_Passing Shower in the Tropics.jpg,Ns
781,church,147_church_View of Cotopaxi.jpg,Ns
782,church,64_church_Heart of the Andes.jpg,Ns
783,church,8_church_View of Cotopaxi.jpg,Ns
784,church,31_church_Cayambe.jpg,Sc
785,church,65_church_View from Olana in the Snow.jpg,As
786,church,84_church_Olana.jpg,Ac
787,church,12_church_A Passing Storm.jpg,As
788,church,35_church_Olana (Residence of Frederic E. Church).jpg,Cu
789,church,90_church_Olana.jpg,Cc
790,church,71_church_Home by the Lake.jpg,Cs
791,church,55_church_The Andes of Ecuador.jpg,Sc
792,church,69_church_Olana.jpg,Sc
793,church,"167_church_Horseshoe Falls, Niagara.jpg",Sc
794,church,150_church_New England Landscape.jpg,Sc
795,church,5_church_Twilight in the Wilderness.jpg,Ac
796,church,91_church_Pinchincha Bridge at San Luis Rey.jpg,St
797,church,"156_church_Tequendama Falls, Near Bogotá.jpg",Ns
798,church,"152_church_El Khasné, Petra.jpg",Ac
799,church,144_church_The Wreck.jpg,Ns
800,church,57_church_Rainy Season in the Tropics.jpg,Ac
801,church,36_church_Olana.jpg,Ac
802,church,138_church_Olana (State Historic Site).jpg,Ac
803,church,106_church_Twilight (Catskill Mountain).jpg,Sc
804,church,112_church_Heart of the Andes.jpg,As
805,church,2_church_View of Cotopaxi.jpg,Sc
806,church,61_church_Cayambe.jpg,Ns
807,church,164_church_Stereoscopic view of Church's Studio at Tenth Street Studio showing Rainy Season in the Tropics on the easel.jpg,Ns
808,church,74_church_Tamaca Palms.jpg,Ns
809,church,94_church_Olana.jpg,Ac
810,church,48_church_Our Banner in the Sky.jpg,Ac
811,church,29_church_Heart of the Andes.jpg,Ns
812,church,32_church_Icebergs.jpg,Ns
813,church,72_church_Heart of the Andes.jpg,Ns
814,church,141_church_Olana (State Historic Site).jpg,As
815,church,47_church_Olana.jpg,Cs
816,church,49_church_Heart of the Andes.jpg,Ns
817,church,98_church_Heart of the Andes.jpg,Ns
818,church,107_church_Morning in the Tropics.jpg,Cu
819,church,39_church_Olana (Residence of Frederic E. Church).jpg,Ns
820,church,179_church_Olana.jpg,As
821,church,10_church_View of Cotopaxi.jpg,Ac
822,church,105_church_Aurora Borealis.jpg,Ct
823,church,25_church_Heart of the Andes.jpg,Sc
824,church,40_church_Olana (Residence of Frederic E. Church).jpg,Ac
825,church,103_church_The Aegean Sea.jpg,Cb
826,church,163_church_Cayambe.jpg,Ns
827,church,"145_church_Niagara Falls, from the American Side.jpg",Cc
828,church,"116_church_Great Basin, Mt. Katahdin.jpg",St
829,church,93_church_Olana.jpg,Ci
830,church,53_church_Twilight in the Wilderness.jpg,Ac
831,church,140_church_Olana (State Historic Site).jpg,Ns
832,church,13_church_Cayambe.jpg,Ns
833,church,139_church_Olana (State Historic Site).jpg,Ac
834,church,176_church_Niagara.jpg,Ac
835,church,30_church_Cotopaxi.jpg,St
836,church,78_church_Cotopaxi.jpg,St
837,church,129_church_Mountain Landscape (Our Banner in the Sky).jpg,Ac
838,church,0_church_Our Banner in the Sky.jpg,Ac
839,church,108_church_Mount Katahdin from Lake Millinocket.jpg,St
840,church,132_church_Olana.jpg,Ac
841,church,168_church_Sunset across the Hudson Valley.jpg,Ns
842,church,102_church_The Monastery of San Pedro (Our Lady of the Snows).jpg,Ac
843,church,"99_church_The Fall of Tequendama, Near Bogotá, New Granada.jpg",Ns
844,church,1_church_Heart of the Andes.jpg,Ns
845,church,146_church_Tamaca Palms.jpg,Ns
846,church,21_church_Olana.jpg,Sc
847,church,83_church_Olana (Residence of Frederic E. Church).jpg,Cu
848,church,23_church_Home by the Lake.jpg,Cs
849,church,"121_church_Shopping List for Mount Katahdin Climb, verso.jpg",Cc
850,church,62_church_The Icebergs.jpg,Sc
851,church,162_church_Country Home.jpg,Ns
852,church,70_church_Early Autumn.jpg,Cs
853,church,52_church_Mt. Ktaadn.jpg,Sc
854,church,"117_church_Coast of Grand Manan Island, Canada.jpg",Ns
855,church,16_church_Heart of the Andes.jpg,Ns
856,church,58_church_View of Cotopaxi.jpg,Ac
857,church,142_church_Heart of the Andes.jpg,Ac
858,church,160_church_Cotopaxi.jpg,St
859,church,127_church_Home by the Lake.jpg,Sc
860,church,101_church_Niagara Falls by Moonlight.jpg,As
861,church,26_church_Tamaca Palms.jpg,Ns
862,church,104_church_Storm in the Mountains.jpg,Sc
863,church,75_church_Niagara Falls by MoonlightMoonlight Landscape.jpg,Sc
864,church,"169_church_At the Base of the American Falls, Niagara.jpg",Cc
865,church,11_church_Passing Shower in the Tropics.jpg,Ns
866,church,44_church_Olana (Residence of Frederic E. Church).jpg,Ns
867,church,178_church_Olana.jpg,Ac
868,church,"115_church_Woman drinking, wine bottles, recto.jpg",Ac
869,church,175_church_Cotopaxi.jpg,Ns
870,church,161_church_Heart of the Andes.jpg,Ns
871,church,86_church_Olana.jpg,Ns
872,church,56_church_View of Cotopaxi.jpg,Ns
873,church,173_church_Olana.jpg,Ac
874,church,24_church_Heart of the Andes.jpg,Ns
875,church,166_church_Study for Rainy Season in the Tropics.jpg,Cs
876,church,130_church_Our Flag.jpg,As
877,church,6_church_The Parthenon.jpg,Ns
878,church,41_church_Olana.jpg,Ac
879,church,"20_church_Otter Creek, Mt. Desert.jpg",Sc
880,church,155_church_The Cordilleras: Sunrise.jpg,Sc
881,church,109_church_Storm in the Mountains.jpg,Cc
882,church,27_church_Niagara Falls by MoonlightMoonlight Landscape.jpg,Sc
883,church,87_church_Olana (Residence of Frederic E. Church).jpg,Ns
884,church,143_church_Heart of the Andes.jpg,As
885,church,171_church_Cotopaxi.jpg,St
886,church,45_church_Olana.jpg,Ci
887,church,96_church_The Iceberg.jpg,Ac
888,church,14_church_The Icebergs.jpg,Sc
889,church,"124_church_Palm Trees, West Indies.jpg",Ac
890,church,133_church_Olana.jpg,Ac
891,church,77_church_Heart of the Andes.jpg,Ns
892,church,3_church_Niagara.jpg,Cc
893,church,34_church_Landscape with Two Trees.jpg,Ns
894,church,154_church_Twilight (Sunset).jpg,Sc
895,church,63_church_A Country Home.jpg,Sc
896,church,"170_church_Cotopaxi Seen from Ambato, Ecuador.jpg",As
897,church,113_church_New England Landscape.jpg,Sc
898,church,82_church_Landscape with Two Trees.jpg,Ns
899,church,"68_church_Otter Creek, Mt. Desert.jpg",Sc
900,church,135_church_Olana (State Historic Site).jpg,Ac
901,church,119_church_Man Paddling a Canoe on Millinoket [sic] River.jpg,Ac
902,church,"114_church_View of Wimmis, Valley of the Simmental, Switzerland.jpg",Ac
903,church,110_church_View of Beirut.jpg,Ac
904,church,89_church_Olana.jpg,Ac
905,church,177_church_Morning in the Tropics.jpg,Sc
906,church,17_church_View from Olana in the Snow.jpg,As
907,moran,42_moran_Solitude.jpg,Ns
908,moran,125_moran_Windsor Castle: det.: figures on the grass.jpg,Sc
909,moran,151_moran_Stranded Ship on East Hampton Beach.jpg,As
910,moran,73_moran_Grand Canon of the Yellowstone.jpg,Ns
911,moran,38_moran_Grand Canyon of the Yellowstone river.jpg,As
912,moran,99_moran_Bridge and Trees.jpg,Ac
913,moran,"5_moran_Grand Canyon of the Yellowstone, Wyoming.jpg",St
914,moran,161_moran_Grand Canyon with Rainbow.jpg,Ac
915,moran,78_moran_Castle Geyser.jpg,Ac
916,moran,170_moran_Distant City (Connecticut shore).jpg,Cs
917,moran,"11_moran_Excelsior Geyser, Yellowstone Park.jpg",Ac
918,moran,65_moran_Passaic Meadows (In the Newark Meadows).jpg,St
919,moran,13_moran_Hot Springs of the Yellowstone.jpg,As
920,moran,93_moran_Acoma.jpg,Cs
921,moran,83_moran_Winter in the Rockies.jpg,Ac
922,moran,"72_moran_A Tower of Cortez, Mexico.jpg",Cc
923,moran,37_moran_Bridge in the Pass of Glencoe.jpg,Ns
924,moran,"96_moran_Pikes Peak, Camerons Cone, and Manitou Cañon.jpg",Ac
925,moran,88_moran_The Dell.jpg,As
926,moran,24_moran_Long Island Landscape.jpg,Ac
927,moran,39_moran_Grand Canyon.jpg,Ac
928,moran,"145_moran_""Fiercely the red sun descending Burned his way along the heavens"".jpg",As
929,moran,15_moran_Venice from the Tower of San Giorgio.jpg,St
930,moran,"40_moran_Cliffs on the Upper Colorado River, Wyoming territory.jpg",As
931,moran,142_moran_Valley of the Rio Virgin.jpg,Cs
932,moran,165_moran_Ktaadn from the South Shore of the Lake (After Frederic Edwin Church).jpg,Ns
933,moran,2_moran_View of Venice.jpg,Cc
934,moran,28_moran_The Grand Canyon: Head of the Old Hance Trail.jpg,Ns
935,moran,1_moran_Grand Canyon of the Colorado River.jpg,Sc
936,moran,"166_moran_Half Dome, Yosemite, 1872.jpg",Cc
937,moran,"90_moran_Morning, Outskirts of Venice.jpg",Cc
938,moran,140_moran_Canyon Mists -- Zoroaster Peak.jpg,As
939,moran,"180_moran_Cliffs of Upper Colorado River, Wyoming Territory.jpg",Ac
940,moran,"71_moran_A Tower of Cortez, Mexico.jpg",Ns
941,moran,152_moran_Fiercely the red sun descending Burned his way along the heavens.jpg,As
942,moran,134_moran_The Grand Canyon of the Yellowstone.jpg,Ns
943,moran,7_moran_Mountain of the Holy Cross.jpg,Ac
944,moran,"159_moran_Tower Falls and and sulphur mountain, Yellowstone National Park. Colour lithograph by L. Prang after T. Moran, 1874..jpg",Ac
945,moran,"70_moran_The Half Dome, view from Moran Point, Yosemite Park.jpg",Cs
946,moran,53_moran_Basin of San MarcoBacino di San Marco.jpg,Cs
947,moran,101_moran_The Resounding Sea.jpg,St
948,moran,26_moran_The Resounding Sea.jpg,Ns
949,moran,82_moran_Grand Canyon: det.: rocks and trees.jpg,As
950,moran,"19_moran_An Indian Paradise (Green River, Wyoming).jpg",Sc
951,moran,94_moran_A Tower of Cortes.jpg,Cc
952,moran,41_moran_Chasm of the Colorado.jpg,Sc
953,moran,"129_moran_Interior of a California Forest (after Thomas Moran (American, 1837-1926)),.jpg",St
954,moran,"112_moran_Great Falls, Grand Canyon of the Yellowstone.jpg",Ns
955,moran,139_moran_Bridge in the Pass of Glencoe.jpg,Cs
956,moran,"133_moran_Colburn's Butte, South Utah.jpg",Ac
957,moran,68_moran_Twilight in Arizona.jpg,Ns
958,moran,"63_moran_The Mountain of the Holy Cross, Colorado.jpg",St
959,moran,16_moran_The canyon of the Yellowstone.jpg,As
960,moran,8_moran_Grand Canyon of Arizona from Hermit Rim Road.jpg,St
961,moran,"25_moran_Mist in Kanab Canyon, Utah.jpg",Ac
962,moran,"3_moran_Cliffs, Green River, Wyoming.jpg",Cc
963,moran,"64_moran_Shin-Au-Av-Tu-Weap (God Land), Cañon of the Colorado. Utah Ter..jpg",Sc
964,moran,21_moran_The Half DomeùView from Moran Point.jpg,Cs
965,moran,36_moran_New York from the Bay.jpg,St
966,moran,176_moran_In the Forest of the Wissahickon.jpg,Ns
967,moran,61_moran_The Empty Cradle.jpg,Cs
968,moran,67_moran_The Resounding Sea.jpg,Ns
969,moran,179_moran_Grand Canyon of the Yellowstone.jpg,Ac
970,moran,"89_moran_Morning, Outskirts of Venice.jpg",Ac
971,moran,141_moran_Slaves Escaping Through the Swamp.jpg,Cc
972,moran,46_moran_A Scene on Tohickon Creek: Autumn 1868.jpg,Cc
973,moran,34_moran_Acoma.jpg,As
974,moran,92_moran_Acoma.jpg,Ac
975,moran,50_moran_Autumn on the Wissahickon.jpg,Ac
976,moran,"100_moran_Bridge in the Pass of Glencoe, Scotland.jpg",Cs
977,moran,107_moran_Twilight Easthampton.jpg,St
978,moran,153_moran_Lake Como.jpg,Sc
979,moran,69_moran_Twilight.jpg,Ns
980,moran,106_moran_Grand Canyon: From Hermit Rim Road.jpg,Cc
981,moran,98_moran_A Rustic Bridge.jpg,Sc
982,moran,52_moran_Smelting Works at Denver.jpg,Ns
983,moran,"35_moran_The Half Dome, view from Moran Point, Yosemite Park.jpg",Ns
984,moran,116_moran_Western Landscape.jpg,Sc
985,moran,146_moran_Untitled (South Hampton Long Island Landscape).jpg,Ct
986,moran,115_moran_Rock Towers of the Rio Virgin.jpg,St
987,moran,48_moran_Cliffs of Green River.jpg,Cc
988,moran,"60_moran_The Juniata, Evening.jpg",Sc
989,moran,132_moran_The Teton Range.jpg,St
990,moran,169_moran_The Grand Canyon: Head of the Old Hance Trail.jpg,Ns
991,moran,32_moran_The Fisherman's Wedding Party.jpg,Cs
992,moran,173_moran_Edge of the Forest.jpg,Ac
993,moran,160_moran_Grand Canyon with Rainbow.jpg,Ac
994,moran,135_moran_Mountain Scene.jpg,As
995,moran,81_moran_Seascape: det.: sunset.jpg,As
996,moran,118_moran_Splendor of Venice: det.: bottom left: musician and couple.jpg,Ac
997,moran,54_moran_Bringing Home the Cattle - Coast of Florida.jpg,Ns
998,moran,"18_moran_Green River Cliffs, Wyoming.jpg",Cb
999,moran,"131_moran_The Ruby Range, Nevada.jpg",Ns
1000,moran,102_moran_View of the Susquehanna.jpg,As
1001,moran,"164_moran_Half Dome, Yosemite, 1873.jpg",Ac
1002,moran,85_moran_Sunrise.jpg,Ac
1003,moran,"148_moran_Hiawatha and the Great Serpent, the Kenabeek.jpg",Ac
1004,moran,138_moran_Twilight in Arizona.jpg,Ns
1005,moran,167_moran_Letters of Mr. and Mrs. Thomas Moran.jpg,Ac
1006,moran,"144_moran_Nearing Camp, Evening on the Upper Colorado River, Wyoming.jpg",Sc
1007,moran,"57_moran_Castle of San Juan de Ulua, Verz Cruz.jpg",St
1008,moran,"77_moran_Mist in Kanab Canyon, Utah.jpg",Ac
1009,moran,95_moran_Passaic Meadows.jpg,As
1010,moran,154_moran_Landscape (from Sketchbook).jpg,Ns
1011,moran,"75_moran_Hot springs of Gardiner's River, Yellowstone National Park. Colour lithograph by L. Prang after T. Moran, 1875..jpg",Ac
1012,moran,"0_moran_The Ruby Range, Nevada.jpg",St
1013,moran,43_moran_Indian village.jpg,Cc
1014,moran,113_moran_Much Resounding Sea.jpg,Sc
1015,moran,156_moran_Landscape (from Sketchbook).jpg,Ns
1016,moran,45_moran_Moonlight Seascape.jpg,As
1017,moran,"80_moran_The Great Blue Spring of the Lower Geyser basin, Yellowstone National Park. Colour lithograph by L. Prang after T. Moran..jpg",Cc
1018,moran,"104_moran_Fingal's Cave, Island of Staffa, Scotland: det.: cave.jpg",Ns
1019,moran,"33_moran_Grand Canyon, Utah.jpg",Ac
1020,moran,29_moran_The Resounding Sea.jpg,Ns
1021,moran,59_moran_Niagara - From the Canadian Side.jpg,Ac
1022,moran,"14_moran_The Green River, Wyoming Territory.jpg",St
1023,moran,"124_moran_Bathing Pools, Diana's Baths.jpg",Ns
1024,moran,175_moran_View of Venice.jpg,St
1025,moran,"86_moran_The Grand Canal, Venice.jpg",As
1026,moran,47_moran_Flower Study (from Sketchbook).jpg,Ns
1027,moran,79_moran_Castle Geyser.jpg,Ac
1028,moran,149_moran_Hiawatha.jpg,Ac
1029,moran,120_moran_Splendor of Venice: det.: boat.jpg,Ac
1030,moran,123_moran_Splendor of Venice: det.: middle left with Doge's Palace.jpg,Ns
1031,moran,20_moran_Grand Canyon of the Colorado.jpg,Ac
1032,moran,84_moran_View of Venice.jpg,St
1033,moran,"87_moran_Morning on the St. John's River, Florida.jpg",Ns
1034,moran,"109_moran_Gardiner's Bay from Fresh Pond, Long Island.jpg",St
1035,moran,"23_moran_Morning, Hook Pond, Easthampton.jpg",St
1036,moran,178_moran_Solitude.jpg,Cc
1037,moran,44_moran_Grand Canon and Lower Falls of the Yellowstone.jpg,Ac
1038,moran,"147_moran_Nearing Camp, Evening on the Upper Colorado River, Wyoming.jpg",Ac
1039,moran,"9_moran_Beaver Head Canyon, Montana.jpg",Ac
1040,moran,"174_moran_Gardiner's Bay, Long Island, seen from Fresh Pond.jpg",Ns
1041,moran,22_moran_The golden hour.jpg,St
1042,moran,49_moran_The Much Resounding Sea.jpg,St
1043,moran,127_moran_Bring Home the Cattle.jpg,Sc
1044,moran,126_moran_Windsor Castle: det.: figures on the grass.jpg,Ns
1045,moran,"91_moran_Morning, Outskirts of Venice.jpg",St
1046,moran,"158_moran_Cliffs of the Upper Colorado River, Wyoming Territory.jpg",Ac
1047,moran,"31_moran_Mammoth Hot Springs, Yellowstone.jpg",Ci
1048,moran,55_moran_Basin of San Marco.jpg,Cs
1049,moran,51_moran_Venice.jpg,Cc
1050,moran,171_moran_Lake Como.jpg,Ac
1051,moran,114_moran_Windsor Castle.jpg,Cs
1052,moran,163_moran_Grand Canyon of the Yellowstone.jpg,Cu
1053,moran,56_moran_Smelting Works at Denver.jpg,As
1054,moran,62_moran_Morning.jpg,Ns
1055,moran,76_moran_Seascape: det.: waves.jpg,Sc
1056,moran,"128_moran_View of New York, from Across the Harbor.jpg",Ac
1057,moran,162_moran_Grand Canyon of the Yellowstone.jpg,Ci
1058,moran,"110_moran_Great Falls, Grand Canyon of the Yellowstone.jpg",Ns
1059,moran,"66_moran_The Castle of St. John d'Ulloa, Vera Cruz, Mexico.jpg",Ns
1060,moran,10_moran_Mount Holy Cross.jpg,Ns
1061,moran,122_moran_Splendor of Venice: det.: bottom left: boat.jpg,St
1062,moran,137_moran_Passaic Meadows.jpg,Cs
1063,moran,111_moran_Splendor of Venice.jpg,Ns
1064,moran,6_moran_Rainbow over the Grand Canyon of the Yellowstone.jpg,As
1065,moran,105_moran_Seascape: det.: cliffs with crashing waves.jpg,Ac
1066,moran,121_moran_Windsor Castle: det.: lower right: foliage.jpg,Ac
1067,moran,"136_moran_Fort George Island, Florida.jpg",St
1068,moran,12_moran_The Teton Range.jpg,As
1069,moran,155_moran_Landscape With Cows (from Sketchbook).jpg,Ns
1070,moran,119_moran_Windsor Castle: det.: right distance.jpg,Ns
1071,moran,130_moran_Letters of Mr. and Mrs. Thomas Moran.jpg,Ac
1072,moran,"97_moran_Morning, Outskirts of Venice.jpg",St
1073,moran,103_moran_Grand Canyon.jpg,Ns
1074,moran,168_moran_Letters of Mr. and Mrs. Thomas Moran.jpg,St
1075,moran,"27_moran_Morning on the St. Johns, Florida.jpg",Ns
1076,moran,117_moran_Grand Canyon: det.: right mountains.jpg,Ac
1077,moran,30_moran_Storm at Sea.jpg,As
1078,moran,"58_moran_Fort George Island, Florida.jpg",Ns
1079,moran,74_moran_Seascape.jpg,As
1080,moran,"108_moran_Fingal's Cave, Island of Staffa, Scotland.jpg",Ci
1081,moran,"143_moran_Hiawatha and the Great Serpent, the Kenabeck.jpg",As
1082,moran,"17_moran_Mountain of the Holy Cross, Colorado.jpg",Ns
1083,moran,"4_moran_Above Tower Falls, Yellowstone.jpg",Cb
1084,moran,150_moran_Grand Canyon of the Colorado.jpg,Ac
1085,moran,177_moran_The Home of the Muskrat.jpg,Ns
1086,cole,6_cole_Course of empire: destruction.jpg,Ac
1087,cole,8_cole_The Lonely Cross.jpg,Cs
1088,cole,78_cole_Il Penseroso.jpg,Sc
1089,cole,292_cole_The Voyage of Life - Old Age.jpg,Ns
1090,cole,20_cole_River in the Catskills.jpg,Sc
1091,cole,"70_cole_Sketch for View from Mount Holyoke, Northampton, Massachusetts, after a Thunderstorm (The Oxbow).jpg",Cc
1092,cole,11_cole_The Course of Empire: Destruction.jpg,Ns
1093,cole,266_cole_Voyage of Life: Old Age.jpg,Ns
1094,cole,24_cole_Sunrise in the Catskills.jpg,Sc
1095,cole,165_cole_Expulsion: Moon and Firelight.jpg,Ac
1096,cole,7_cole_Expulsion from the Garden of Eden.jpg,Ns
1097,cole,103_cole_Genesee Scenery (Mountain Landscape with Waterfall).jpg,As
1098,cole,"256_cole_View from Mount Holyoke, Northampton, Massachusetts, after a Thunderstorm (The Oxbow).jpg",Ns
1099,cole,10_cole_Prometheus Bound.jpg,Cb
1100,cole,51_cole_The Fountain of Vaucluse.jpg,Cb
1101,cole,71_cole_North Mountain and Catskill Creek.jpg,Ac
1102,cole,217_cole_Fill Here.jpg,Ac
1103,cole,133_cole_The Titan's Goblet.jpg,As
1104,cole,79_cole_L'Allegro.jpg,Ns
1105,cole,299_cole_Thomas Jefferson.jpg,Cc
1106,cole,161_cole_Free Hand Drawing of Elevation of New Studio at Cedar Grove.jpg,Ns
1107,cole,218_cole_Expulsion from the Garden of Eden: sketch.jpg,Cc
1108,cole,182_cole_Pastoral Landscape with Fisherman.jpg,St
1109,cole,154_cole_Baia Looking South.jpg,Ac
1110,cole,252_cole_The Return.jpg,Cb
1111,cole,1_cole_New England Scenery.jpg,As
1112,cole,192_cole_Pilgrim of the Cross.jpg,Ac
1113,cole,89_cole_River In the Catskills.jpg,Ns
1114,cole,172_cole_View Near Catskill J.D. Rockefeller Collection.jpg,Ac
1115,cole,231_cole_View on the Catskill—Early Autumn.jpg,Ns
1116,cole,304_cole_Shoemaker's Lunch.jpg,Sc
1117,cole,85_cole_Old Mill at Sunset.jpg,Cs
1118,cole,262_cole_Hunter's Return.jpg,Ac
1119,cole,95_cole_Mountain Scenery.jpg,Ac
1120,cole,324_cole_Course of Empire: Destruction: det..jpg,Ns
1121,cole,115_cole_Voyage of Life: Old Age.jpg,Sc
1122,cole,243_cole_Clouds.jpg,Cu
1123,cole,206_cole_View of the Arno: det.: middle right.jpg,Ns
1124,cole,226_cole_Long Dock of Catskill Landing in Hudson River.jpg,Ns
1125,cole,"137_cole_Study for ""Dream of Arcadia"".jpg",Ns
1126,cole,21_cole_View near the Village of Catskill.jpg,Sc
1127,cole,248_cole_The Voyage of Life: Childhood.jpg,Cc
1128,cole,286_cole_Tornado.jpg,Ns
1129,cole,204_cole_Expulsion: Moon and Firelight: det.: right upper & mid..jpg,As
1130,cole,"170_cole_Clove, Catskills.jpg",Ac
1131,cole,301_cole_Mrs. Siddons.jpg,Ac
1132,cole,37_cole_The Architect's dream.jpg,Sc
1133,cole,148_cole_Wooded Landscape with Figures.jpg,Ac
1134,cole,"251_cole_View from Mount Holyoke, Northampton, Massachusetts, after a Thunderstorm (The Oxbow).jpg",Ns
1135,cole,29_cole_The Departure.jpg,Sc
1136,cole,215_cole_Cross and the World: The Pilgrim of the Cross at the End of His Journey.jpg,Ns
1137,cole,127_cole_Autumn Landscape Mount Chocorua.jpg,Ci
1138,cole,310_cole_Thomas Jefferson.jpg,As
1139,cole,157_cole_(Untitled).jpg,Ac
1140,cole,274_cole_Dream of Arcadia.jpg,Ac
1141,cole,109_cole_The Good Shepherd.jpg,Ns
1142,cole,"153_cole_The Pilgrim of the Cross at the End of His Journey (study for series, The Cross and theWorld).jpg",As
1143,cole,16_cole_The Hunter's Return.jpg,Ac
1144,cole,94_cole_The Voyage of Life: Childhood.jpg,Sc
1145,cole,209_cole_View of Florence from San Miniato: det.: at right- The Cathedral.jpg,As
1146,cole,244_cole_Clouds.jpg,Cu
1147,cole,35_cole_Voyage of life: manhood.jpg,Cc
1148,cole,61_cole_The Mountain Ford.jpg,Cu
1149,cole,253_cole_Expulsion from the Garden of Eden.jpg,Cs
1150,cole,224_cole_Italian Landscape.jpg,As
1151,cole,74_cole_A Wild Scene.jpg,Ac
1152,cole,104_cole_Angels Ministering to Christ in the Wilderness.jpg,Ns
1153,cole,72_cole_The Subsiding of the Waters of the Deluge.jpg,As
1154,cole,91_cole_Course of Empire: Savage State: det..jpg,Ns
1155,cole,306_cole_Mrs. Graham.jpg,As
1156,cole,"191_cole_Schroon Mountains, Adirondacks: det.: landscape at right-close up of trees.jpg",Cc
1157,cole,134_cole_Sketch of Tree Trunks.jpg,Ac
1158,cole,197_cole_View of the Arno.jpg,Ns
1159,cole,291_cole_Course of Empire: Destruction: det..jpg,Ns
1160,cole,"19_cole_Catskill Creek, New York.jpg",Sc
1161,cole,99_cole_Tornado in an American Forest.jpg,Ns
1162,cole,"112_cole_The Voyage of Life, II, Youth.jpg",Ns
1163,cole,249_cole_The Course of Empire:  The Savage State.jpg,Sc
1164,cole,108_cole_Sketch for Ohio State Capitol Design.jpg,Sc
1165,cole,144_cole_Peace at Sunset (Evening in the White Moutains).jpg,Sc
1166,cole,329_cole_Titan's Goblet.jpg,Ac
1167,cole,"250_cole_""Dream of Arcadia"".jpg",Ac
1168,cole,230_cole_View of Florence.jpg,St
1169,cole,3_cole_The Course of Empire: Desolation.jpg,As
1170,cole,98_cole_Expulsion from the Garden of Eden.jpg,Ns
1171,cole,321_cole_Landscape.jpg,St
1172,cole,"114_cole_Landscape, the Seat of Mr. Featherstonhaugh in the Distance.jpg",Sc
1173,cole,164_cole_In the Catskills.jpg,Sc
1174,cole,128_cole_Course of Empire: Savage State: det..jpg,Ns
1175,cole,261_cole_Dream of Arcadia.jpg,Ns
1176,cole,235_cole_The Course of Empire: The Consummation of Empire.jpg,Ac
1177,cole,"160_cole_Effect for Newstead Abbey, Nottinghamshire, England.jpg",Ns
1178,cole,92_cole_Course of Empire: Consummation.jpg,As
1179,cole,211_cole_Scene from Rip Van Winkle.jpg,Ac
1180,cole,107_cole_Narcissus [recto].jpg,Ns
1181,cole,126_cole_Dead Abel.jpg,Ns
1182,cole,208_cole_View of Florence from San Miniato: det.: center-figures & buildings.jpg,Sc
1183,cole,258_cole_Voyage of Life-Youth.jpg,Ns
1184,cole,"22_cole_Sketch for View from Mount Holyoke, Northampton, Massachusetts, after a Thunderstorm (The Oxbow).jpg",As
1185,cole,110_cole_On the Road from Conway.jpg,Cc
1186,cole,44_cole_The Good Shepherd.jpg,Ns
1187,cole,264_cole_Voyage of Life: Childhood.jpg,Cc
1188,cole,56_cole_The Voyage of Life: Old Age.jpg,As
1189,cole,268_cole_The Voyage of Life - Youth.jpg,Ns
1190,cole,328_cole_Genesee Scenery.jpg,Ns
1191,cole,88_cole_Course of Empire: The Pastoral or Arcadian State: det..jpg,Cc
1192,cole,47_cole_Course of Empire: The Pastoral or Arcadian State.jpg,Sc
1193,cole,125_cole_Course of Empire: Consummation: det..jpg,Sc
1194,cole,"233_cole_View from Mount Holyoke, Northampton, Massachusetts, after a Thunderstorm-The Oxbow.jpg",Ns
1195,cole,"234_cole_View on the Arno, near Florence.jpg",Ac
1196,cole,212_cole_Devil Throwing Monk from Precipice.jpg,As
1197,cole,279_cole_Dream of Arcadia.jpg,Sc
1198,cole,184_cole_Cross and the World: det.: bottom mid..jpg,Sc
1199,cole,241_cole_The Course of Empire: Desolation.jpg,As
1200,cole,"67_cole_Sketch for View from Mount Holyoke, Northampton, Massachusetts, after a Thunderstorm (The Oxbow).jpg",Cc
1201,cole,15_cole_View of the Round-Top in the Catskill Mountains.jpg,Ac
1202,cole,76_cole_Salvator Rosa Sketching Banditti.jpg,Ns
1203,cole,64_cole_The Voyage of Life: Manhood.jpg,Sc
1204,cole,318_cole_Expulsion from Eden.jpg,Ns
1205,cole,"68_cole_On Catskill Creek, Sunset.jpg",As
1206,cole,178_cole_Course of Empire: Consummation: det..jpg,Ac
1207,cole,"66_cole_Sketch for View from Mount Holyoke, Northampton, Massachusetts, after a Thunderstorm (The Oxbow).jpg",As
1208,cole,198_cole_Present.jpg,Ns
1209,cole,213_cole_Tree Study: Young Hickory.jpg,Ac
1210,cole,289_cole_Hartford Connecticut.jpg,St
1211,cole,166_cole_Expulsion from the Garden of Eden.jpg,As
1212,cole,"151_cole_(Untitled, landscape with mountains).jpg",Ns
1213,cole,163_cole_The oxbow (the Connecticut River near Northampton).jpg,Ns
1214,cole,273_cole_Romantic Landscape (Mountains and Lake).jpg,As
1215,cole,239_cole_The Course of Empire: The Pastoral or Arcadian State.jpg,Sc
1216,cole,323_cole_Course of Empire: Destruction.jpg,Sc
1217,cole,176_cole_Mountain Ford.jpg,Cu
1218,cole,87_cole_Course of Empire: The Pastoral or Arcadian State: det..jpg,St
1219,cole,257_cole_Home in the Woods.jpg,Ac
1220,cole,9_cole_The Course of Empire: The Consummation of Empire.jpg,Ac
1221,cole,259_cole_Sketch box used by the artist.jpg,Ac
1222,cole,220_cole_Mountain Sunrise.jpg,Ns
1223,cole,177_cole_Course of Empire: Desolation: det..jpg,Ns
1224,cole,284_cole_Course of Empire: Destruction.jpg,Ns
1225,cole,319_cole_Catskill Mountains.jpg,Ac
1226,cole,"48_cole_View of Schroon Mountain, Essex County, New York, After a Storm.jpg",As
1227,cole,"52_cole_View from Mount Holyoke, Northampton, Massachusetts, after a Thunderstorm—The Oxbow.jpg",Ns
1228,cole,227_cole_View Near Tamworth New Hampshire and View in White Mountains.jpg,Ac
1229,cole,"101_cole_Landscape with Waterfalls, Folio 10 in the John Ludlow Morton Album.jpg",Ac
1230,cole,247_cole_The Voyage of Life: Old Age.jpg,Ns
1231,cole,207_cole_Expulsion: Moon and Firelight: det.: bottom mid..jpg,As
1232,cole,"81_cole_View near Lentini, Sicily.jpg",Ns
1233,cole,293_cole_Expulsion from the Garden of Eden.jpg,Cs
1234,cole,140_cole_Double Waterfall-Kaaterskill Falls.jpg,Ns
1235,cole,181_cole_White Pine.jpg,St
1236,cole,193_cole_Gothic Ruins at Sunset.jpg,As
1237,cole,146_cole_Tall Rugged Cliff and Tree Tops.jpg,Ns
1238,cole,183_cole_View of Florence from San Miniato.jpg,Sc
1239,cole,221_cole_Compositional Study for the Voyage of Life: Manhood.jpg,As
1240,cole,162_cole_Two Elevations for New Studio at Cedar Grove.jpg,Sc
1241,cole,283_cole_Battle Piece.jpg,As
1242,cole,287_cole_Course of Empire: Destruction.jpg,Ns
1243,cole,326_cole_Course of Empire: Destruction: det..jpg,Sc
1244,cole,124_cole_Course of Empire: Consummation: det..jpg,As
1245,cole,245_cole_The Voyage of Life: Manhood.jpg,Ac
1246,cole,190_cole_Interior of the Colosseum.jpg,Sc
1247,cole,65_cole_Catskill Scenery.jpg,Ac
1248,cole,229_cole_Pilgrims of the Cross at the End of his Journey (Study for series The Cross & the World).jpg,As
1249,cole,327_cole_Departure.jpg,St
1250,cole,53_cole_Voyage of Life: Youth.jpg,Ns
1251,cole,186_cole_Expulsion: Moon and Firelight: det.: bottom left.jpg,Ac
1252,cole,116_cole_Course of Empire: Desolation.jpg,Ns
1253,cole,214_cole_Landscape with Rocks.jpg,Ns
1254,cole,311_cole_The Course of Empire: Desolation.jpg,As
1255,cole,254_cole_The Departure.jpg,Cs
1256,cole,"69_cole_The Vale and Temple of Segestae, Sicily.jpg",Ac
1257,cole,307_cole_Mrs. Graham.jpg,Ac
1258,cole,147_cole_The Colosseum.jpg,Ns
1259,cole,222_cole_Cross and the World: The Pilgrim of the World on his Journey.jpg,Ns
1260,cole,195_cole_View in the White Mountains.jpg,Cb
1261,cole,203_cole_Cross and the World.jpg,Sc
1262,cole,205_cole_Catania and Mount Etna.jpg,Ac
1263,cole,174_cole_Prometheus Bound.jpg,Ns
1264,cole,40_cole_Course of Empire: Savage State.jpg,Cb
1265,cole,"187_cole_Near Conway, New Hampshire.jpg",Cc
1266,cole,129_cole_Expulsion: Moon and Firelight: det.: upper left & center.jpg,As
1267,cole,285_cole_Oxbow Connecticut River near Northampton.jpg,Sc
1268,cole,75_cole_View on the Catskill?Early Autumn.jpg,Sc
1269,cole,295_cole_Expulsion from the Garden of Eden.jpg,Ns
1270,cole,308_cole_The Calmady Children.jpg,Ac
1271,cole,118_cole_Catskill Creek.jpg,Sc
1272,cole,"26_cole_Autumn Twilight, View of Corway Peak [Mount Chocorua], New Hampshire.jpg",Sc
1273,cole,188_cole_Study of Rocks and Cliffs.jpg,Ci
1274,cole,270_cole_Expulsion from the Garden of Eden.jpg,Ac
1275,cole,121_cole_Monte Video.jpg,Ns
1276,cole,280_cole_View of Florence from San Miniato.jpg,Sc
1277,cole,4_cole_The Course of Empire: The Savage State.jpg,Sc
1278,cole,196_cole_Cloud Study.jpg,Cc
1279,cole,331_cole_Expulsion from the Garden of Eden.jpg,Ns
1280,cole,50_cole_Voyage of Life: Old Age.jpg,Ns
1281,cole,86_cole_Last of the Mohicans.jpg,Ns
1282,cole,322_cole_Return.jpg,Ac
1283,cole,90_cole_Course of Empire: Desolation: det..jpg,Cc
1284,cole,"269_cole_The Oxbow (The Connecticut River near Northhampton, Massachusetts).jpg",Sc
1285,cole,63_cole_Italian Scene. Composition.jpg,Sc
1286,cole,83_cole_Course of Empire: Consummation.jpg,Ac
1287,cole,30_cole_Kaaterskill Falls.jpg,Ac
1288,cole,113_cole_The Temple of Segesta with the Artist Sketching.jpg,Ac
1289,cole,119_cole_Course of Empire: The Pastoral or Arcadian State.jpg,Ns
1290,cole,123_cole_Wild Scene.jpg,Ac
1291,cole,34_cole_Course of Empire: Consummation.jpg,Ac
1292,cole,317_cole_Landscape with Tree Trunks.jpg,St
1293,cole,31_cole_Voyage of life: youth.jpg,Sc
1294,cole,199_cole_View of the Arno: det.: bottom middle.jpg,Ac
1295,cole,"0_cole_View from Mount Holyoke, Northampton, Massachusetts, after a Thunderstorm-The Oxbow.jpg",Cb
1296,cole,84_cole_Course of Empire: Desolation.jpg,Ac
1297,cole,27_cole_View on the Catskill-Early Autumn.jpg,St
1298,cole,"28_cole_Study for ""Catskill Creek"".jpg",As
1299,cole,"175_cole_Schroon Mountains, Adirondacks: det.: landscape at right.jpg",Sc
1300,cole,179_cole_Course of Empire: Destruction: sketch.jpg,Ac
1301,cole,277_cole_Dream of Arcadia.jpg,Ac
1302,cole,201_cole_Cross and the World: det.: cross.jpg,Cb
1303,cole,278_cole_View of Florence from San Miniato.jpg,St
1304,cole,12_cole_Sketchbook.jpg,Ns
1305,cole,225_cole_Long Lake.jpg,Ns
1306,cole,18_cole_The Course of Empire--The Savage State.jpg,As
1307,cole,"312_cole_View from Mount Holyoke, Northampton, Massachusetts, after a Thunderstorm (The Oxbow).jpg",Ac
1308,cole,"155_cole_(Untitled, inside page of cover for sketchbook).jpg",Cs
1309,cole,303_cole_Old Italian Masters:  The Incredulity of St. Thomas.jpg,Ac
1310,cole,232_cole_A View near Tivoli (Morning).jpg,Sc
1311,cole,33_cole_Mountain landscape with waterfall.jpg,As
1312,cole,132_cole_Landscape.jpg,As
1313,cole,122_cole_Course of Empire: The Pastoral or Arcadian State: det..jpg,Ns
1314,cole,"223_cole_Palenville, Clove Valley, Catskill Mountains.jpg",Ns
1315,cole,"149_cole_(Untitled, landscape with building fragment).jpg",St
1316,cole,"272_cole_Schroon Mountains, Adirondacks.jpg",Cb
1317,cole,180_cole_Schroon Mountains.jpg,As
1318,cole,"313_cole_""The Land Below"" Necklace.jpg",Ns
1319,cole,255_cole_Notch in the White Mountains from above with the Notch House (Crawford Notch).jpg,Cc
1320,cole,216_cole_Portrait of the artist by Asher B. Durand.jpg,Cs
1321,cole,156_cole_Rocks.jpg,Ns
1322,cole,80_cole_An Italian Autumn.jpg,St
1323,cole,238_cole_The Course of Empire: Destruction.jpg,Ns
1324,cole,159_cole_House in Mount Desert.jpg,Ns
1325,cole,120_cole_Notch of the White Mountains.jpg,As
1326,cole,"143_cole_Temple of Juno, Agrigentum.jpg",Ns
1327,cole,142_cole_View of Florence.jpg,St
1328,cole,62_cole_Landscape (Landscape with Tree Trunks).jpg,St
1329,cole,309_cole_Thomas Jefferson.jpg,Cu
1330,cole,25_cole_Italian Coast Scene with Ruined Tower.jpg,Sc
1331,cole,73_cole_Panorama of the Oxbow on the Connecticut River as seen from Mount Holyoke.jpg,Ac
1332,cole,265_cole_Voyage of Life: Youth.jpg,Ns
1333,cole,240_cole_Clouds.jpg,Cu
1334,cole,42_cole_Course of Empire: The Pastoral or Arcadian State.jpg,Ns
1335,cole,"263_cole_Sketch for View from Mount Holyoke, Northampton, Massachusetts, after a Thunderstorm (The Oxbow).jpg",Cc
1336,cole,49_cole_Voyage of Life: Manhood.jpg,Ns
1337,cole,315_cole_Architect's Dream: det.: close-up Architect.jpg,As
1338,cole,267_cole_Voyage of Life: Adulthood.jpg,Ns
1339,cole,5_cole_The Course of Empire: The Arcadian or Pastoral State.jpg,Sc
1340,cole,302_cole_Andrea Palladio's Architecture in Four Books.jpg,As
1341,cole,136_cole_The Pilgrim of the World at the End of His Journey.jpg,Sc
1342,cole,185_cole_View Near Tivoli (Morning).jpg,St
1343,cole,82_cole_Voyage of Life: Manhood.jpg,Ac
1344,cole,59_cole_American Lake Scene.jpg,Ns
1345,cole,282_cole_View of Florence from San Miniato.jpg,Ac
1346,cole,93_cole_Daniel Boone and his Cabin on the Great Osage Lake.jpg,Ns
1347,cole,43_cole_Landscape with tree trunks.jpg,Sc
1348,cole,"105_cole_Temples of Juno, Lucina, and Concordia - Agrigentum, Sicily.jpg",Ac
1349,cole,60_cole_The Voyage of Life: Youth.jpg,Cu
1350,cole,145_cole_Falls at Catskill.jpg,Cc
1351,cole,14_cole_Landscape (Moonlight).jpg,Ac
1352,cole,294_cole_Expulsion from the Garden of Eden.jpg,As
1353,cole,167_cole_Tempest.jpg,Ns
1354,cole,13_cole_The Garden of Eden.jpg,Sc
1355,cole,288_cole_Course of Empire: Destruction: det..jpg,As
1356,cole,271_cole_Oxbow.jpg,Ns
1357,cole,169_cole_Voyage of Life: Youth.jpg,Ns
1358,cole,"158_cole_Newstead Abbey, Nottinghamshire, England.jpg",Ac
1359,cole,17_cole_Sunset in the Catskills.jpg,Cs
1360,cole,281_cole_View of Florence from San Miniato.jpg,Sc
1361,cole,260_cole_Portrait of a Woman.jpg,St
1362,cole,189_cole_Wild Scene.jpg,Ac
1363,cole,"102_cole_Sunset, View on the Catskill.jpg",Cs
1364,cole,117_cole_Course of Empire: Desolation: det..jpg,Sc
1365,cole,330_cole_Expulsion from the Garden of Eden.jpg,Ac
1366,cole,"276_cole_Schroon Mountains, Adirondacks.jpg",Cc
1367,cole,58_cole_A View of the Mountain Pass Called the Notch of the White Mountains (Crawford Notch).jpg,Cu
1368,cole,210_cole_View of Florence from San Miniato: det.: at left view over Arno.jpg,Sc
1369,cole,46_cole_Course of Empire: Savage State: det..jpg,Ns
1370,cole,290_cole_Indian Pass.jpg,Ac
1371,cole,54_cole_Voyage of Life: Childhood.jpg,Ns
1372,cole,55_cole_Home in the Woods.jpg,Cu
1373,cole,97_cole_The Titan's Goblet.jpg,Ns
1374,cole,297_cole_Genevieve.jpg,St
1375,cole,320_cole_Course of Empire: Destruction: det..jpg,Sc
1376,cole,"96_cole_View of Schroon Mountain, Essex County, New York, After a Storm.jpg",Ac
1377,cole,200_cole_Past.jpg,Ns
1378,cole,168_cole_The Catskill Mountains.jpg,St
1379,cole,130_cole_View Near Catskills.jpg,Ac
1380,cole,314_cole_Architect's Dream.jpg,Ac
1381,cole,194_cole_Course of Empire: Consummation: det..jpg,Ac
1382,cole,"236_cole_View across Frenchman's Bay from Mt. Desert Island, after a Squall.jpg",Cc
1383,cole,36_cole_Niagara Falls.jpg,Sc
1384,cole,228_cole_Daniel Boone and his Cabin at Great Osage Lake.jpg,Ns
1385,cole,77_cole_Mountain Landscape [verso].jpg,St
1386,cole,139_cole_Expulsion from the Garden of Eden.jpg,Cs
1387,cole,45_cole_Course of Empire: Savage State.jpg,Ac
1388,cole,316_cole_In the Catskills.jpg,Sc
1389,cole,"2_cole_Landscape with Figures: A Scene from ""The Last of the Mohicans"".jpg",Ac
1390,cole,135_cole_View of the Round-Top in the Catskill Mountains.jpg,Ac
1391,cole,"100_cole_Sketch for View from Mount Holyoke, Northampton, Massachusetts, after a Thunderstorm (The Oxbow).jpg",As
1392,cole,38_cole_Voyage of life: childhood.jpg,St
1393,cole,106_cole_The Cross in the Wilderness.jpg,Cu
1394,cole,150_cole_Landscape with Boats.jpg,St
1395,cole,"298_cole_Law Sakes Alive! What are you doing, Baby?.jpg",Ac
1396,cole,111_cole_The Return.jpg,As
1397,cole,246_cole_The Voyage of Life: Youth.jpg,Cs
1398,cole,296_cole_Expulsion from the Garden of Eden.jpg,Ac
1399,cole,173_cole_Cross and the World: det.: mid. left & center.jpg,Sc
1400,cole,171_cole_Voyage of Life: Childhood.jpg,Sc
1401,cole,305_cole_The Architect's Dream.jpg,Ci
1402,cole,"275_cole_Schroon Mountains, Adirondacks.jpg",As
1403,cole,39_cole_Voyage of life: old age.jpg,Ns
1404,cole,"242_cole_The Fountain, No. 1: The Wounded Indian Slaking His Death Thirst.jpg",Cs
1405,cole,152_cole_Industry and Idleness [after Hogarth's The Industrious 'Prentice Performing the Duty of a Christian].jpg,Cc
1406,cole,41_cole_Study for Trees.jpg,St
1407,cole,"57_cole_Summer Twilight, A Recollection of a Scene in New England.jpg",St
1408,cole,"141_cole_Mount Holyoke, Massachusetts.jpg",Ns
1409,cole,219_cole_Long Dock or Catskill Landing in Hudson River.jpg,Cc
1410,cole,237_cole_The Course of Empire: The Savage State.jpg,Cb
1411,cole,131_cole_Pic-Nic.jpg,Cc
1412,cole,138_cole_Study of Tree Trunks; verso: Sketch of Leaves and Tree Branches.jpg,Ns
1413,cole,32_cole_Course of Empire: The Pastoral or Arcadian State.jpg,Sc
1414,cole,"202_cole_View of Two Lakes, Catskills.jpg",Sc
1415,cropsey,"53_cropsey_Italian Landscape near Rome: Study for ""Mountain Stream"".jpg",Ns
1416,cropsey,113_cropsey_A Blasted Tree.jpg,Ac
1417,cropsey,49_cropsey_Sunset Hudson River..jpg,Sc
1418,cropsey,"65_cropsey_Conway, New Hampshire.jpg",Cc
1419,cropsey,70_cropsey_The Hudson River at Hastings.jpg,Ns
1420,cropsey,"64_cropsey_Bareford Mountains, West Milford, New Jersey..jpg",St
1421,cropsey,"83_cropsey_Indian Summer, Hudson River: det.: mid section.jpg",Ns
1422,cropsey,"47_cropsey_Summer, Lake Ontario.jpg",Ac
1423,cropsey,62_cropsey_Shad Fishing on the Hudson. private collection.jpg,Cb
1424,cropsey,"44_cropsey_Summer Cottage, Front Elevation II.jpg",As
1425,cropsey,24_cropsey_Study of a Clump of Trees.jpg,Cs
1426,cropsey,"1_cropsey_Starrucca Viaduct, Susquehanna Valley.jpg",As
1427,cropsey,115_cropsey_Autumn--On the Hudson River.jpg,Cc
1428,cropsey,"136_cropsey_Eagle Cliff, New Hampshire..jpg",Cb
1429,cropsey,25_cropsey_Landscape Panorama..jpg,Sc
1430,cropsey,"120_cropsey_Pastoral Scene, Chenango River.jpg",Ns
1431,cropsey,101_cropsey_Gray Day on the Esopus.jpg,Ac
1432,cropsey,"3_cropsey_Fisherman's House, Greenwood Lake.jpg",St
1433,cropsey,"58_cropsey_Warwick Castle, England.jpg",Ns
1434,cropsey,126_cropsey_The Valley of Wyoming.jpg,St
1435,cropsey,5_cropsey_Autumn on the Hudson.jpg,Cc
1436,cropsey,"145_cropsey_Village Square with Figures, Doune, Scotland (?) (from Cropsey Album).jpg",Ns
1437,cropsey,42_cropsey_Niagara Falls from the Foot of Goat Island.jpg,Ns
1438,cropsey,69_cropsey_Autumn in the Warwick Valley.jpg,Ns
1439,cropsey,88_cropsey_The Spirit of War.jpg,Ac
1440,cropsey,35_cropsey_October.jpg,Ns
1441,cropsey,118_cropsey_Catskill Creek.jpg,St
1442,cropsey,36_cropsey_Indian Summer.jpg,St
1443,cropsey,30_cropsey_Walton-on-Thames.jpg,Ns
1444,cropsey,56_cropsey_The Spirit of War.jpg,Ac
1445,cropsey,"108_cropsey_The Old Homestead, Wyoming Valley.jpg",As
1446,cropsey,38_cropsey_A View from Bald Mountain.jpg,Sc
1447,cropsey,116_cropsey_Harvest scene.jpg,Ns
1448,cropsey,142_cropsey_Jedburgh Abbey (from  Cropsey Album).jpg,Ac
1449,cropsey,112_cropsey_Trees and a Stream on a Hillside.jpg,Cs
1450,cropsey,111_cropsey_Landscape with Mountains at Sunset.jpg,Ns
1451,cropsey,107_cropsey_Castel San Elmo (from Cropsey Album).jpg,Cc
1452,cropsey,"119_cropsey_Pastoral Scene, Chenango River.jpg",Sc
1453,cropsey,9_cropsey_Twilight.jpg,As
1454,cropsey,"37_cropsey_Mount Washington, New Hampshire.jpg",Ns
1455,cropsey,143_cropsey_Country Scene with Cottages (from Cropsey Album).jpg,Ns
1456,cropsey,91_cropsey_Hudson River Near Hastings..jpg,Cs
1457,cropsey,"33_cropsey_Waldheim"", residence of W. H. Wells. West view.jpg",Ac
1458,cropsey,"55_cropsey_Villa d'Este, Tivoli.jpg",Ns
1459,cropsey,117_cropsey_Autumn - On the Hudson.jpg,Ac
1460,cropsey,"23_cropsey_View near Sherbourne, Chenango County..jpg",Ac
1461,cropsey,"94_cropsey_Autumn Landscape, Sugar Loaf Mountain, Orange County, New York.jpg",Ns
1462,cropsey,"131_cropsey_Eagle Cliff, New Hampshire.jpg",Sc
1463,cropsey,"80_cropsey_View near Sherbourne, Chenango County: det.: bottom rt. & mid..jpg",Ac
1464,cropsey,73_cropsey_Gate.jpg,Ns
1465,cropsey,124_cropsey_Country Scene with Cottages (from Cropsey Album).jpg,Ns
1466,cropsey,59_cropsey_View through the Trees at Tivoli [recto].jpg,Ac
1467,cropsey,"52_cropsey_Wickham Pond and Sugar Loaf Mountain, Orange County.jpg",Ns
1468,cropsey,102_cropsey_Landscape (from Cropsey Album).jpg,Ns
1469,cropsey,"84_cropsey_Winter Scene, Ramapo Valley..jpg",Ac
1470,cropsey,74_cropsey_Upper Hudson..jpg,Ac
1471,cropsey,"66_cropsey_Greenwood Lake, New Jersey.jpg",Cc
1472,cropsey,"92_cropsey_Wyoming Valley, Pennsylvania.jpg",Sc
1473,cropsey,"22_cropsey_Eagle Cliff, New Hampshire.jpg",As
1474,cropsey,"86_cropsey_Indian Summer, Hudson River: det.: left mid..jpg",Ac
1475,cropsey,"10_cropsey_Youle's Shot Tower, New York City.jpg",Sc
1476,cropsey,125_cropsey_The Valley of Wyoming.jpg,St
1477,cropsey,147_cropsey_Hackensack Meadows.jpg,Ac
1478,cropsey,"93_cropsey_American Falls, Niagara.jpg",Ac
1479,cropsey,2_cropsey_Evening.jpg,Cc
1480,cropsey,110_cropsey_Under the Palisades.jpg,Cc
1481,cropsey,135_cropsey_American Harvesting.jpg,Ns
1482,cropsey,"121_cropsey_Eagle Cliff, Franconia Notch, New Hampshire.jpg",Ns
1483,cropsey,103_cropsey_Jedburgh Abbey (from  Cropsey Album).jpg,As
1484,cropsey,134_cropsey_Autumn on Greenwood Lake.jpg,Ac
1485,cropsey,46_cropsey_The Gates of the Hudson.jpg,Ns
1486,cropsey,123_cropsey_Farm Scene with Cottages (from Cropsey Album).jpg,Sc
1487,cropsey,149_cropsey_Starrucca Viaduct.jpg,As
1488,cropsey,"89_cropsey_View near Sherbourne, Chenango County: det.: upper left.jpg",Ac
1489,cropsey,"87_cropsey_View near Sherbourne, Chenango County: det.: lt. & mid..jpg",Cc
1490,cropsey,"137_cropsey_Eagle Cliff, New Hampshire.jpg",Cc
1491,cropsey,"26_cropsey_Janetta Falls, New Jersey.jpg",Sc
1492,cropsey,"105_cropsey_Torre dei Schiavi, The Roman Campagna (from Cropsey Album).jpg",Ns
1493,cropsey,"12_cropsey_Castle Garden, New York.jpg",Cc
1494,cropsey,"27_cropsey_High Torne Mountain, Rockland County, New York.jpg",Ns
1495,cropsey,54_cropsey_Mounts Adam and Eve.jpg,Sc
1496,cropsey,"90_cropsey_View near Sherbourne, Chenango County: det.: bottom rt..jpg",Ns
1497,cropsey,"85_cropsey_Luccombe Chine, Isle of Wight.: det..jpg",Sc
1498,cropsey,97_cropsey_Landscape with Tree and a Village in the Distance (from Cropsey Album).jpg,Cc
1499,cropsey,98_cropsey_A Blasted Tree (recto) Floorplan (verso).jpg,Ac
1500,cropsey,100_cropsey_Landscape (Hastings-on-Hudson).jpg,Ac
1501,cropsey,146_cropsey_Landscape with Tree and a Village in the Distance (from Cropsey Album).jpg,Ac
1502,cropsey,"75_cropsey_Indian Summer, Hudson River: det.: right.jpg",Sc
1503,cropsey,"133_cropsey_Sugar Loaf and Wickham Pond, Warwick, New York.jpg",St
1504,cropsey,"0_cropsey_Summer, Lake Ontario.jpg",As
1505,cropsey,"82_cropsey_Luccombe Chine, Isle of Wight..jpg",Ac
1506,cropsey,"45_cropsey_View of Greenwood Lake, New Jersey.jpg",Ns
1507,cropsey,48_cropsey_Autumn on the Hudson River..jpg,Sc
1508,cropsey,"81_cropsey_Indian Summer, Hudson River..jpg",Cu
1509,cropsey,39_cropsey_Catskill Creek.jpg,As
1510,cropsey,"127_cropsey_View near Sherburne, Chenango County, New York.jpg",Ns
1511,cropsey,41_cropsey_The Coast of Genoa.jpg,Ac
1512,cropsey,51_cropsey_Cloud Study.jpg,Ac
1513,cropsey,61_cropsey_Man Working.jpg,Ac
1514,cropsey,"6_cropsey_Greenwood Lake, New Jersey.jpg",Cs
1515,cropsey,20_cropsey_View of the Kaaterskill House.jpg,Sc
1516,cropsey,14_cropsey_Morning.jpg,Sc
1517,cropsey,60_cropsey_Rocks at West Lulworth.jpg,As
1518,cropsey,"138_cropsey_American Falls, Niagara.jpg",As
1519,cropsey,21_cropsey_Catskill Mountain House.jpg,Ns
1520,cropsey,"29_cropsey_Tourn Mountain, Head Quarters of Washington, Rockland Co., New York.jpg",Sc
1521,cropsey,"43_cropsey_City House, Front Elevation (Four-storey house).jpg",As
1522,cropsey,129_cropsey_Tintern Abbey on the Wye.jpg,As
1523,cropsey,132_cropsey_The Narrows from Staten Island.jpg,St
1524,cropsey,13_cropsey_A Sketch of Castle Garden.jpg,Ac
1525,cropsey,139_cropsey_Castel San Elmo (from Cropsey Album).jpg,Ns
1526,cropsey,77_cropsey_Evening at Paestum..jpg,As
1527,cropsey,141_cropsey_Autumn--On the Hudson River.jpg,St
1528,cropsey,40_cropsey_Untitled.jpg,Ns
1529,cropsey,72_cropsey_View of Catskills across Hudson..jpg,Sc
1530,cropsey,15_cropsey_The Valley of Wyoming.jpg,Sc
1531,cropsey,148_cropsey_Catskill Mountain House (from North Mountain)..jpg,Sc
1532,cropsey,"18_cropsey_Summer, Lake Ontario.jpg",St
1533,cropsey,"7_cropsey_Study for ""Youle's Shot Tower,"" New York City.jpg",Cc
1534,cropsey,"79_cropsey_Indian Summer, Hudson River: det.: cows.jpg",As
1535,cropsey,4_cropsey_Lake George.jpg,Ns
1536,cropsey,31_cropsey_Mountain Landscape.jpg,Ac
1537,cropsey,"95_cropsey_A View from Bald Mountain, Orange County, N. Y..jpg",Ac
1538,cropsey,19_cropsey_The Hudson at Piermont.jpg,St
1539,cropsey,67_cropsey_Evening at Lake George.jpg,As
1540,cropsey,130_cropsey_Passing Shower on the Hudson.jpg,Ns
1541,cropsey,76_cropsey_Indian Summer..jpg,Cc
1542,cropsey,144_cropsey_Farm Scene with Cottages (from Cropsey Album).jpg,As
1543,cropsey,96_cropsey_The Clove - A Storm Scene in the Catskill Mountains.jpg,Sc
1544,cropsey,140_cropsey_Autumn--On the Hudson River.jpg,Ac
1545,cropsey,32_cropsey_Summer Landscape: Haymaking (after American Harvesting).jpg,Cs
1546,cropsey,"99_cropsey_Mount Washington, New Hampshire.jpg",Ns
1547,cropsey,28_cropsey_View of Mt. Washington.jpg,Ns
1548,cropsey,114_cropsey_The Valley of Wyoming.jpg,Cs
1549,cropsey,"34_cropsey_Schatacook Mountain, Housatonic Valley, Connecticut.jpg",St
1550,cropsey,78_cropsey_Greenwood Lake..jpg,St
1551,cropsey,106_cropsey_Hackensack Meadows.jpg,As
1552,cropsey,"8_cropsey_Sunset, Lake George, New York.jpg",Ns
1553,cropsey,"104_cropsey_Village Square with Figures, Doune, Scotland (?) (from Cropsey Album).jpg",Ns
1554,cropsey,68_cropsey_Landscape with River.jpg,Ns
1555,cropsey,50_cropsey_Laundry Day.jpg,Ns
1556,cropsey,16_cropsey_Sunset after a Storm in the Catskill Mountains.jpg,Sc
1557,cropsey,"128_cropsey_Pompton Plains, New Jersey.jpg",As
1558,cropsey,71_cropsey_Niagara Falls..jpg,Cc
1559,cropsey,"122_cropsey_Eagle Cliff, Franconia Notch, New Hampshire.jpg",Ns
1560,cropsey,17_cropsey_Sidney Plains with the Union of the Susquehanna and Unadilla Rivers.jpg,Ac
1561,cropsey,109_cropsey_The Gates of the Hudson.jpg,Sc
1562,cropsey,63_cropsey_Country Scene.jpg,St
1563,cropsey,11_cropsey_Landscape with Ruins.jpg,Ns
1564,cropsey,57_cropsey_The Hudson River at Hastings.jpg,Ac
