,Artist,Art Name,Date,Image Thumbnail,artist,cloud prediction
0,Asher Brown Durand,"The Declaration of Independence, July 4, 1776",1823,https://stor.artstor.org/stor/e676f1cc-b8ed-4b36-a7f2-a2f46ce08f2a_size1,durand,As
4,Asher Brown Durand,Kaaterskill Landscape,1850,https://stor.artstor.org/stor/7d7f42c3-66b4-410a-b1b3-cd06f0203da6_size1,durand,Ct
8,Asher Brown Durand,Kindred spirits,1849,https://stor.artstor.org/stor/4e029f92-5ede-498c-85e6-1788aab6106a_size1,durand,Ns
16,Asher Brown Durand,Forest in the Morning Light,1855,https://stor.artstor.org/stor/d9031fcc-b1d1-4afe-ab1e-669a7355afc3_size1,durand,Ac
20,Asher Brown Durand,A Pastoral Scene,1858,https://stor.artstor.org/stor/b5447cd0-0e12-4942-bd03-ea10d5893a47_size1,durand,Cu
24,Asher Brown Durand,Landscape with Birches,1855,https://stor.artstor.org/stor/4a117a1c-89a2-482d-8407-c0d40a368f2d_size1,durand,Sc
109,Asher Brown Durand,Specimen Sheet of Bank Note Engraving,1828,https://stor.artstor.org/stor/464be60c-2514-4679-a016-9628fdae0637_size1,durand,Ns
113,Asher Brown Durand,Musidora,1825,https://stor.artstor.org/stor/475aba2a-9585-4ba6-8eb6-c26471817038_size1,durand,As
117,Asher Brown Durand,The Falls of the Sawkill,1830,https://stor.artstor.org/stor/5767a23e-e505-4bc9-9a82-54a57a5de38a_size1,durand,As
121,Asher Brown Durand,George Jones,1833,https://stor.artstor.org/stor/07db8d7f-5090-45a3-8029-2d722d53e343_size1,durand,Cs
125,Asher Brown Durand,"$1000 Bill for The Greenwich Bank, The City of New York",1828,https://stor.artstor.org/stor/aa38982c-df79-436f-be9a-d90e58508ec1_size1,durand,As
129,Asher Brown Durand,"Honorable Willam Paulding, Mayor of the City of New York",1826,https://stor.artstor.org/stor/61181ecf-5d41-481d-ac8e-1062065652a6_size1,durand,Cc
133,Asher Brown Durand,Delaware Water Gap,1830,https://stor.artstor.org/stor/87c5ecc3-7a49-4147-8d91-37bde4987cb6_size1,durand,Cc
141,Asher Brown Durand,Ladies' Ticket of Admission to the Annual Caledonian Ball,1824,https://stor.artstor.org/stor/27c45879-52b2-409c-87ee-1fd50db34be2_size1,durand,Ac
149,Asher Brown Durand,American Eclipse,1824,https://stor.artstor.org/stor/2f732726-e09f-491e-9ead-97f4f98ffc19_size1,durand,Sc
178,Asher Brown Durand,Lindley Murray,1827,https://stor.artstor.org/stor/8eca64b0-d913-4aeb-84f6-8c0cbd9e4fd0_size1,durand,Ac
198,Asher Brown Durand,"His Excellency Oliver Wolcott, Governor of the State of Connecticut",1820,https://stor.artstor.org/stor/2819efb0-8c79-4a24-aa25-9f2b1c966b85_size1,durand,As
202,Asher Brown Durand,Jacob Brown,1834,https://stor.artstor.org/stor/e48deef4-088e-4280-8bd3-e4cf0b77597a_size1,durand,Ac
222,Asher Brown Durand,The Stranded Ship,1844,https://stor.artstor.org/stor/69c0c6b6-9024-43c6-96f7-684191b2a348_size1,durand,Ac
226,Asher Brown Durand,The Edge of the Forest,1868,https://stor.artstor.org/stor/18a23857-af7f-4f6d-855d-3ff76852f18d_size1,durand,Sc
246,Asher Brown Durand,Rip Van Winkle,1840,https://stor.artstor.org/stor/cc89e748-5b79-4762-9b45-5a5814cb19bb_size1,durand,Ac
250,Asher Brown Durand,Pastoral Landscape,1861,https://stor.artstor.org/stor/94a37d19-e506-4db6-910b-289a1a65bc12_size1,durand,Sc
254,Asher Brown Durand,"Landscape-Scene from ""Thanatopsis""",1850,https://stor.artstor.org/stor/f365c9e6-1931-428a-9895-e773190af8f9_size1,durand,Ns
274,Asher Brown Durand,The Babbling Brook,1851,https://stor.artstor.org/stor/96423b8d-a7db-442f-a162-9fe5ccf171fe_size1,durand,Sc
287,Asher Brown Durand,The old oak,1844,https://stor.artstor.org/stor/02b1f979-fe5d-422b-aa64-1e139c7206c1_size1,durand,Sc
305,Asher Brown Durand,A River Landscape,1858,https://stor.artstor.org/stor/d6a78161-6213-4991-bc30-260ba6604f54_size1,durand,Ac
306,Asher Brown Durand,Forest Stream with Vista,1872,https://stor.artstor.org/stor/f51f64dd-90a2-4b2b-8f81-8058a1b53af6_size1,durand,Cc
311,Asher Brown Durand,Charles Carrol of Carrolton,1835,https://stor.artstor.org/stor/3eb9b205-e370-49f3-8b4c-dcfc291ae2ca_size1,durand,Ac
312,Asher Brown Durand,Charles Carroll of Carrollton,1835,https://stor.artstor.org/stor/9a7106bd-0b92-40ef-a95f-f6f1785ffc7b_size1,durand,Cc
313,Asher Brown Durand,Forest Scene in the Catskills,1855,https://stor.artstor.org/stor/b8ffc9ae-648d-465e-8976-78e8eb6ff488_size1,durand,Sc
318,Asher Brown Durand,James Kent,1834,https://stor.artstor.org/stor/83e982c7-3e00-4987-aa49-8ffb0fb17bb3_size1,durand,Cc
319,Asher Brown Durand,Sarah Eliot Scoville,1830,https://stor.artstor.org/stor/81d30816-8ea0-486d-9a6f-ec055dba00f2_size1,durand,Cc
320,Asher Brown Durand,Trees on a Rocky Hillside,1849,https://stor.artstor.org/stor/20ec6dd7-1d10-480d-9610-bfc2e47b70ac_size1,durand,Ac
321,Asher Brown Durand,Stephen Decatur,1835,https://stor.artstor.org/stor/13ba2a14-eaa4-42ec-b88d-a7de146db6ef_size1,durand,As
322,Asher Brown Durand,Joel Barlow,1835,https://stor.artstor.org/stor/422eb155-2acd-4577-b749-022ccd75cf4a_size1,durand,As
323,Asher Brown Durand,Garrit Furman,1830,https://stor.artstor.org/stor/50bdf2e1-c09b-4d69-929f-f7a80f4d9a8e_size1,durand,Cs
324,Asher Brown Durand,Thomas Hilson as Tyke,1826,https://stor.artstor.org/stor/e4b163d2-0d8c-45d6-8459-8cff40bb1776_size1,durand,Ac
329,Asher Brown Durand,Untitled (Declaration of Independence),1823,https://stor.artstor.org/stor/4411e4b8-695d-464c-9bc3-03044c60d1e8_size1,durand,Sc
332,Asher Brown Durand,"Accounts—""Life School"" (from Sketchbook)",1796,https://stor.artstor.org/stor/6514f50b-4628-4f65-abc6-678e92610a0d_size1,durand,Ns
359,Asher Brown Durand,Landscape with covered wagon,1847,https://stor.artstor.org/stor/6a18ef94-025d-41f7-928b-f42a14c8b2ae_size1,durand,Sc
360,Asher Brown Durand,The Catskills,1859,https://stor.artstor.org/stor/12c9d0e1-663a-4125-be00-19734987e11f_size1,durand,Sc
361,Asher Brown Durand,White Mountains (?),1825,https://stor.artstor.org/stor/68096861-871f-4e54-bf27-28f0f3eff86d_size1,durand,Ns
378,Asher Brown Durand,"Lake George, New York",1860,https://stor.artstor.org/stor/98df4b34-54f2-4eb4-87f8-fadd2cdf7727_size1,durand,Cs
404,Asher Brown Durand,Banknote vignette showing woodsmen felling trees in a snowy forest,1824,https://stor.artstor.org/stor/e0f8af7c-f609-4826-9881-5f35dcf9e485_size1,durand,Ns
418,Asher Brown Durand,Proofs of Bank of New York One Dollar Bill and Two Dollar Bill,1824,https://stor.artstor.org/stor/a546671a-98d0-43f5-853b-4de5c0ef46e2_size1,durand,Ac
419,Asher Brown Durand,Apollo Belvedere,1825,https://stor.artstor.org/stor/52484dde-b50e-4021-9713-f91840a24598_size1,durand,Ac
645,Asher Brown Durand,"Landscape—Scene from ""Thanatopsis",1850,https://stor.artstor.org/stor/18966bdc-3412-41dc-96ce-56f8f63a8674_size1,durand,Ns
646,Asher Brown Durand,Weekhawken,1833,https://stor.artstor.org/stor/e908e736-6846-485e-a3d7-37529c17a8c2_size1,durand,Ns
647,Asher Brown Durand,Dewitt Clinton,1834,https://stor.artstor.org/stor/416c6a00-e8eb-45dc-8ba3-09d7f7550d9a_size1,durand,As
648,Asher Brown Durand,Jonathan Sturges,1840,https://stor.artstor.org/stor/e154e384-3f6f-4ec0-af50-5888b37ec0b2_size1,durand,Ns
671,Asher Brown Durand,Greek Lovers,1825,https://stor.artstor.org/stor/c0d1102b-1f6d-419e-bce5-51016f9737b3_size1,durand,As
672,Asher Brown Durand,Gipseying Party,1830,https://stor.artstor.org/stor/00910506-63db-4b02-b4b4-06a7f78bbf0e_size1,durand,As
673,Asher Brown Durand,The Dying Greek,1830,https://stor.artstor.org/stor/9e0ed777-2b8a-403b-9b7a-5f19d03e5eb4_size1,durand,Ac
678,Asher Brown Durand,David Crockett,1836,https://stor.artstor.org/stor/343f5da6-a4da-4bae-b47e-e0a7fa0a8bf7_size1,durand,Cc
679,Asher Brown Durand,James Henry Hackett,1832,https://stor.artstor.org/stor/59b2ade1-4b08-4569-869c-0207b4c4f0fb_size1,durand,Ac
680,Asher Brown Durand,Atlantic Souvenir (title page),1829,https://stor.artstor.org/stor/05a2eb25-0b8b-4e24-89dd-f4ec12dcabdd_size1,durand,Ac
681,Asher Brown Durand,William Gaston,1834,https://stor.artstor.org/stor/fdce52ce-deed-4b2b-b0e1-82b965b28f3d_size1,durand,Ac
682,Asher Brown Durand,View of New York from New Jersey,1850,https://stor.artstor.org/stor/177e4f78-15b1-4b8b-8821-64175cf095d4_size1,durand,Ns
683,Asher Brown Durand,John Jay,1834,https://stor.artstor.org/stor/f689d4f3-9a74-4c03-aec2-421873d1a007_size1,durand,As
684,Asher Brown Durand,Proof of one side of a New York Merchants Banking Company 100 Dollar Bill,1824,https://stor.artstor.org/stor/a32dd4b7-4ebe-4645-89d5-789d12fb58ce_size1,durand,Ac
685,Asher Brown Durand,Banknote vignette with three putti symbolizing trade and agriculture,1824,https://stor.artstor.org/stor/913490a6-0b13-4d89-b95d-405cd1617fd2_size1,durand,Ac
686,Asher Brown Durand,Banknote vignette with a family in a garden,1824,https://stor.artstor.org/stor/a7738554-5fcf-4a1c-8128-5b81adf3659e_size1,durand,Ns
687,Asher Brown Durand,Banknote vignette showing a zebra,1824,https://stor.artstor.org/stor/54eb1130-a7eb-4084-b6c4-5833ba8ab9af_size1,durand,Ac
688,Asher Brown Durand,Banknote vignette with female figure representing America,1824,https://stor.artstor.org/stor/5dc80414-27ff-4f7f-a2d8-676f3a24da8a_size1,durand,As
689,Asher Brown Durand,Banknote vignette showing three men on a scaffold laying a brick wall,1824,https://stor.artstor.org/stor/6260afa7-6a40-452c-809d-f2b0961dd3f9_size1,durand,Ac
690,Asher Brown Durand,Banknote vignette with female figure representing marine commerce,1824,https://stor.artstor.org/stor/a6b96c55-2b7f-4036-abb3-0d4f7e6861eb_size1,durand,Sc
691,Asher Brown Durand,Banknote vignette with a blacksmith and forge,1824,https://stor.artstor.org/stor/e1c6aa8a-b843-4a7a-b018-5fb756796f77_size1,durand,Cc
692,Asher Brown Durand,Banknote vignette showing two men working in a mine,1824,https://stor.artstor.org/stor/c2e54371-ce90-4681-991a-192d3ac835be_size1,durand,Sc
693,Asher Brown Durand,Banknote vignette with female figures representing Liberty and Justice,1824,https://stor.artstor.org/stor/fc95d6c3-0fa7-4f5a-8377-2f6762b26cdc_size1,durand,Ac
694,Asher Brown Durand,"Dance on the Battery [preliminary study for Dance on the Battery in Presence of Peter Stuyvesant, 1838, oil on canvas, Museum of the City of New York]",1838,https://stor.artstor.org/stor/d269a36d-10aa-400b-a92d-0d6ff607ee20_size1,durand,St
695,Asher Brown Durand,Banknote motif with a girl's head derived from Leonardo da Vinci against a patterned band,1824,https://stor.artstor.org/stor/e79edb0b-a63e-4084-9dc8-138a6b13d520_size1,durand,Ac
696,Asher Brown Durand,Banknote motif: a child's portrait and two patterned ovals surrounded by a floral frame,1824,https://stor.artstor.org/stor/c4194ab4-5fd9-4ed1-9e5a-a8644d0cdc12_size1,durand,Cc
697,Asher Brown Durand,"Banknote vignette with three putti as a shepherd, a farmer, and a sailor",1824,https://stor.artstor.org/stor/6108fba9-ab09-4d4f-95f0-216d89d61bfc_size1,durand,Sc
698,Asher Brown Durand,Banknote motifs: the number 5 and a building topped with a cupola,1824,https://stor.artstor.org/stor/884b2c13-f6f2-4e69-b741-7d286522f241_size1,durand,Ac
699,Asher Brown Durand,Banknote motif: Portrait on George Washington in a decorative panel,1824,https://stor.artstor.org/stor/8841a7a6-1b12-4f1e-8dd7-b466349ce494_size1,durand,Ac
702,Asher Brown Durand,Banknote vignette showing city buildings around a fenced-in green with children playing around an American flag,1824,https://stor.artstor.org/stor/a0bdc80f-e840-426c-8964-1c50edfa0b52_size1,durand,Ac
703,Asher Brown Durand,Banknote motif: a child's portrait surrounded by a floral frame,1824,https://stor.artstor.org/stor/5eef66de-783d-4a67-87bf-d43d191b4d76_size1,durand,Ac
704,Asher Brown Durand,Banknote vignette with haymakers symbolizing rural industry,1824,https://stor.artstor.org/stor/1c2fae3c-36a8-4563-ae49-0b7921f0c0a8_size1,durand,Ac
705,Asher Brown Durand,Banknote vignette with the main street of a town,1824,https://stor.artstor.org/stor/3c7b295f-2820-4af4-bf2a-b1cd43a8b7a4_size1,durand,Ac
706,Asher Brown Durand,"Arched framing element for banknote, with acanthus and vine leaves, lily and grapes",1824,https://stor.artstor.org/stor/5f89bb3c-8901-45de-a0ac-7ed4aebb927e_size1,durand,Ac
707,Asher Brown Durand,"Banknote vignette with figures of different ages, representing the stages of life",1824,https://stor.artstor.org/stor/6a2567bc-e908-4901-a41a-ec704f848ee7_size1,durand,Sc
708,Asher Brown Durand,Banknote motifs: the number 5 and a portrait of Thayendanegea,1824,https://stor.artstor.org/stor/543f032e-957f-4e5c-9a7b-40044a9da042_size1,durand,Ac
734,Asher Brown Durand,The American Wilderness,1864,https://mdxdv.artstor.org/thumb/imgstor/size1/sslps/ucb/20265510.jpg,durand,Cc
735,Asher Brown Durand,God's Judgment upon Gog,1851,https://mdxdv.artstor.org/thumb/imgstor/size1/sslps/ucb/20279699.jpg,durand,Ac
736,Asher Brown Durand,Woodland Glen,1855,https://mdxdv.artstor.org/thumb/imgstor/size1/sslps/ucb/20308729.jpg,durand,As
737,Asher Brown Durand,Landscsape composition (Catskills),1848,https://stor.artstor.org/stor/ed7bfc71-ca8f-4643-abed-1d23f24cef2a_size1,durand,Cs
738,Asher Brown Durand,Progress,1853,https://stor.artstor.org/stor/1a0e03ab-028f-4528-9a87-1f73c3b22f1b_size1,durand,Cc
739,Asher Brown Durand,"Indian Vespers, Last of the Mohicans",1847,https://stor.artstor.org/stor/4d5c61d0-aed1-4572-ae3e-e81a91bfd3dc_size1,durand,Ac
740,Asher Brown Durand,Figure Study (from Sketchbook),1796,https://stor.artstor.org/stor/bb546864-855c-49b2-9fe7-8a6e898264e2_size1,durand,Ns
741,Asher Brown Durand,Thomas Pritchard Rossiter (1818-1871),1840,https://stor.artstor.org/stor/4e7b23e1-4771-48b2-a050-77ed4f84dde3_size1,durand,As
742,Asher Brown Durand,"Hilly Landscape with Trees; from the disassembled ""Kingston Sketchbook""",1838,https://stor.artstor.org/stor/d0907c1b-a598-45b9-b3e6-0e1e4f9507f8_size1,durand,Ns
743,Asher Brown Durand,"Sketch of a Mountain Landscape; from the disassembled ""Kingston Sketchbook""; verso: study of several trees",1838,https://stor.artstor.org/stor/239948e1-96da-4bb7-9e8d-60e3a779fc88_size1,durand,Ns
744,Asher Brown Durand,Back cover of Second European sketchbook with 43 Folios,1841,https://stor.artstor.org/stor/11624980-c128-4478-8514-42cbf0c2855a_size1,durand,Ac
745,Asher Brown Durand,"Back cover of Third European sketchbook with 35 Folios, 2 blank",1841,https://stor.artstor.org/stor/837640f9-72c4-4144-8251-9cdb2c844a27_size1,durand,Ac
746,Asher Brown Durand,"Back cover of Tenth sketchbook with 39 Folios, 2 blank and yellow endpapers",1867,https://stor.artstor.org/stor/aed31226-c617-4f67-8047-6c8fc2ac7088_size1,durand,As
747,Asher Brown Durand,Landscape Scene from Thanatopsis,1850,https://stor.artstor.org/stor/99e6c79f-4351-4059-8122-04ff3c9d82c9_size1,durand,Sc
748,Asher Brown Durand,The Declaration of Independence after John Trumbull: Preparatory Drawing for the Engraving,1820,https://stor.artstor.org/stor/664cae0e-ad48-41b6-ab26-d80ca6ccd327_size1,durand,St
749,Asher Brown Durand,"His Excellency Oliver Wolcott, Governor of the State of Connecticutt",1820,https://stor.artstor.org/stor/cfd00d1a-e08e-41ea-ad80-166cc1ac1b5d_size1,durand,Ac
750,Asher Brown Durand,God&s Judgment Upon Gog,1851,https://stor.artstor.org/stor/ba85cd4e-5bda-49c1-b1ef-149fd30f4d38_size1,durand,Sc
751,Asher Brown Durand,Bash-Bish Falls,1862,https://stor.artstor.org/stor/f2cf17b7-5097-4a95-b852-e5680acc64e1_size1,durand,As
752,Asher Brown Durand,William Cullen Bryant (1794-1878),1858,https://stor.artstor.org/stor/e973092e-f383-498d-af21-c409b945c0d1_size1,durand,Ns
753,Asher Brown Durand,Drapery Study (from Sketchbook),1796,https://stor.artstor.org/stor/7f01b843-9257-49d7-b780-43e46bd27538_size1,durand,Ns
757,Asher Brown Durand,Kaaterskill CloveCatskill Grove,1866,https://stor.artstor.org/stor/ad8eb934-c0b9-4915-8dfd-e6294fc788f8_size1,durand,Ns
761,Albert Bierstadt,"Yosemite Valley, Glacier Point Trail",1873,https://stor.artstor.org/stor/e8be895d-bb98-44fb-a022-5c8200af8ce9_size1,bierstadt,Ns
762,Albert Bierstadt,"Among the Sierra Nevada, California",1868,https://stor.artstor.org/stor/58a7aab8-1f0e-415d-8756-8b8459d81679_size1,bierstadt,Ac
763,Albert Bierstadt,Mountain Brook,1863,https://mdxdv.artstor.org/thumb/imgstor/size1/sslps/c35953/15007524.jpg,bierstadt,As
764,Albert Bierstadt,The Trappers' Camp,1861,https://stor.artstor.org/stor/a64084db-cab3-4e32-a6fa-8238162871cf_size1,bierstadt,Sc
782,Albert Bierstadt,"Yosemite ValleyStarr King Mountain, California",1866,https://stor.artstor.org/stor/d27e0ce1-7778-4bcc-9768-e22b1ea84ab7_size1,bierstadt,Ns
829,Albert Bierstadt,"Mount Adams, Washington",1875,https://stor.artstor.org/stor/0b751f6e-448c-4eaa-9e33-cc2b0e5c917f_size1,bierstadt,St
870,Albert Bierstadt,Donner Lake from the Summit,1873,https://stor.artstor.org/stor/276a7370-0bc5-46f6-82d7-6934303b0dce_size1,bierstadt,Cs
871,Albert Bierstadt,"Geyser, Yellowstone Park",1881,https://stor.artstor.org/stor/b560ac18-72a1-4f56-8470-bddb7a83b74f_size1,bierstadt,Ci
872,Albert Bierstadt,Buffalo Trail: The Impending Storm,1869,https://stor.artstor.org/stor/315d6e82-b9a5-4711-9869-c736b1b63fd9_size1,bierstadt,Ns
898,Albert Bierstadt,Mount Corcoran,1876,https://stor.artstor.org/stor/3ef222d8-665f-4283-bb15-c2c78359ac79_size1,bierstadt,Cc
899,Albert Bierstadt,Indians Hunting Buffalo,1888,https://stor.artstor.org/stor/af81aca4-4b57-4573-8792-0d16918e80da_size1,bierstadt,As
900,Albert Bierstadt,"View of Mount Washington, from Near North Conway, New Hampshire",1860,https://stor.artstor.org/stor/307b2e15-d9e8-4618-8597-c9f9dfdfeddb_size1,bierstadt,Ns
901,Albert Bierstadt,Four Portraits of North American Indians; verso: Sketch of Brave Riding a Horse and Shooting a Bow and Arrow,1859,https://stor.artstor.org/stor/8916767c-5563-4dff-923b-b6f1776a158d_size1,bierstadt,Ac
902,Albert Bierstadt,"Autumn Woods, Oneida County, State of New York",1886,https://stor.artstor.org/stor/96e224f2-e411-429f-9078-a07097457b6d_size1,bierstadt,Sc
903,Albert Bierstadt,Vista from a Tree Platform,1865,https://stor.artstor.org/stor/6e7961f4-5e99-4e58-8bda-cbd0f2fde70d_size1,bierstadt,Ac
904,Albert Bierstadt,Indian Beauty,1863,https://stor.artstor.org/stor/f66b9800-ca07-460a-80a9-ab9d5da00c4d_size1,bierstadt,Ac
925,Albert Bierstadt,"Lake Tahoe, California",1867,https://stor.artstor.org/stor/442f65da-2502-49d8-892b-911907a64c76_size1,bierstadt,Ac
926,Albert Bierstadt,Lake Lucerne,1858,https://stor.artstor.org/stor/52f39a54-368e-4301-bbad-5a943573c15f_size1,bierstadt,Sc
936,Albert Bierstadt,"The Grizzly Giant Sequoia, Mariposa Grove, California",1872,https://stor.artstor.org/stor/8d5c3256-591c-4259-afab-8c6ac62e0a67_size1,bierstadt,Ac
937,Albert Bierstadt,Sail Boats,1877,https://stor.artstor.org/stor/91750b05-c5a1-40e0-a18a-bf808cc600a7_size1,bierstadt,Ns
938,Albert Bierstadt,Banana Trees,1869,https://stor.artstor.org/stor/5e6a72ad-2ec0-4643-800d-ebc1995de2fe_size1,bierstadt,Ac
939,Albert Bierstadt,Niagara from the American Side,1869,https://stor.artstor.org/stor/7b70c614-4b62-45ce-a6ea-b71976c99c6c_size1,bierstadt,Ns
944,Albert Bierstadt,"The Saint Lawrence River from the Citadel, Quebec",1880,https://stor.artstor.org/stor/3ed66f88-6582-4bc6-960f-f35820e6a8c7_size1,bierstadt,Sc
949,Albert Bierstadt,"Echo Lake, Franconia Mountains, New Hampshire",1861,https://stor.artstor.org/stor/9299b31c-9e45-463e-a088-bdc72cd78c42_size1,bierstadt,Ac
958,Albert Bierstadt,"Sunrise, Yosemite Valley",1870,https://stor.artstor.org/stor/16c4d892-1247-424a-be52-75d220ccac91_size1,bierstadt,Cb
968,Albert Bierstadt,"Rocky Mountains, ""Lander's Peak""",1863,https://stor.artstor.org/stor/75872af8-e41a-41c4-b56b-ffeb0df13eba_size1,bierstadt,Ac
969,Albert Bierstadt,"Bridal Veil Falls, Yosemite Valley, California",1871,https://stor.artstor.org/stor/9608741d-5555-4e17-9813-0e1ca42f0dbf_size1,bierstadt,Cs
970,Albert Bierstadt,"View from the Wind River Mountains, Wyoming",1860,https://stor.artstor.org/stor/74c332ce-1093-4be2-b862-4ce4c072580a_size1,bierstadt,Sc
983,Albert Bierstadt,Nooning on the Platte,1859,https://stor.artstor.org/stor/d1035382-1bc4-41d0-b997-45d47c8dfc2e_size1,bierstadt,Sc
1009,Albert Bierstadt,Five Portraits of North American Indians,1859,https://stor.artstor.org/stor/1541930f-5937-4d41-b814-54c91220dc13_size1,bierstadt,Ac
1014,Albert Bierstadt,"The Marina Piccola, Capri",1859,https://stor.artstor.org/stor/c91c2b9f-3326-4287-85d3-4efe2eb94989_size1,bierstadt,Ns
1031,Albert Bierstadt,Interior of a Library,1886,https://stor.artstor.org/stor/c489def5-a5bd-4435-b48b-3300f23fc948_size1,bierstadt,Ns
1032,Albert Bierstadt,Sunrise in the Sierras,1872,https://stor.artstor.org/stor/f017f55d-77ac-4520-8925-812a65845a38_size1,bierstadt,As
1033,Albert Bierstadt,Horse Study for The Last of the Buffalo,1888,https://stor.artstor.org/stor/5964c989-5806-4761-b6f4-3618808b7375_size1,bierstadt,Ac
1034,Albert Bierstadt,Palm Trees with a Domed Church,1880,https://stor.artstor.org/stor/75b925a5-9087-4507-b99b-c28e68f411d1_size1,bierstadt,Ac
1039,Albert Bierstadt,"Seal Rocks, Farallons",1872,https://stor.artstor.org/stor/afeaed9a-e92f-440e-8b38-4c77f3e74086_size1,bierstadt,As
1040,Albert Bierstadt,"Rocky Mountains, Lander's Peak",1866,https://stor.artstor.org/stor/89d9518b-5b9c-49b7-9312-aa3dad1d6250_size1,bierstadt,Ac
1041,Albert Bierstadt,Swiss Mountain Cabin,1872,https://stor.artstor.org/stor/79b769cd-ded5-4a2c-a600-9e5c6fa06f69_size1,bierstadt,Sc
1042,Albert Bierstadt,"Mount Brewer from Kings River Canyon, California",1872,https://stor.artstor.org/stor/09d7e80d-5569-4f9c-841e-72739c23eaf0_size1,bierstadt,Sc
1044,Albert Bierstadt,Fishing Boats at Capri,1857,https://stor.artstor.org/stor/35df39ca-02aa-468c-bf6b-3dbccf437aa6_size1,bierstadt,Ns
1045,Albert Bierstadt,"Piz Bernina, Switzerland",1880,https://stor.artstor.org/stor/3c52b1f3-6810-4de7-8215-169220330f20_size1,bierstadt,Ns
1050,Albert Bierstadt,Evening on the Prairie,1870,https://stor.artstor.org/stor/57104a81-4b79-4776-9d38-11b2653ce1c0_size1,bierstadt,Ac
1051,Albert Bierstadt,Grizzly Bears,1859,https://stor.artstor.org/stor/cf9daeb1-045e-4e15-a603-d7da8932efba_size1,bierstadt,Sc
1052,Albert Bierstadt,Donner Lake From the Summit,1873,https://stor.artstor.org/stor/e019fa21-949b-4738-8fcf-b37ef4f44cfa_size1,bierstadt,Ns
1057,Albert Bierstadt,"Home Of The Rainbow Horse Shoe Fall,Niagara",1869,https://stor.artstor.org/stor/293e6951-4756-4eab-8881-ef5067a54007_size1,bierstadt,Ns
1058,Albert Bierstadt,"Estes Park, Colorado",1869,https://stor.artstor.org/stor/970a4545-2e94-46e0-b042-3d69e5e36860_size1,bierstadt,Cb
1059,Albert Bierstadt,"View of Donner Lake, California",1871,https://stor.artstor.org/stor/7bb1e924-de39-4791-b1a5-6e6420e2b0a6_size1,bierstadt,Ac
1085,Albert Bierstadt,The Overland Trail,1871,https://stor.artstor.org/stor/5b2e0a36-e6de-4f42-ba8a-1d003a127ebf_size1,bierstadt,Ns
1090,Albert Bierstadt,The Matterhorn,1867,https://stor.artstor.org/stor/ac0ae6a0-5057-4cc0-b6a2-269e80510dce_size1,bierstadt,Ac
1105,Albert Bierstadt,Tree Sketch and Landscape (from Sketchbook),1890,https://stor.artstor.org/stor/ba263813-1e3d-4ecd-9cb0-fb357a38774b_size1,bierstadt,Ac
1106,Albert Bierstadt,Sketches of Canoes and a Figure Carrying a Barrel (from Sketchbook),1890,https://stor.artstor.org/stor/ec496698-4636-400c-bc68-2dda7b9080c0_size1,bierstadt,As
1107,Albert Bierstadt,Three Figures (from Sketchbook),1891,https://stor.artstor.org/stor/d15abe14-8d38-485a-9fbd-86049d1a25c6_size1,bierstadt,Ac
1112,Albert Bierstadt,Sketch of a Mountain Landscape (from Sketchbook),1890,https://stor.artstor.org/stor/745d8bdf-1516-48be-9fdf-37b0a33db398_size1,bierstadt,Ns
1113,Albert Bierstadt,Sketches of Armor and Figure (from Sketchbook),1891,https://stor.artstor.org/stor/6305bdb1-4c4d-4f22-a8ae-c7f1d4876474_size1,bierstadt,Cc
1114,Albert Bierstadt,Alaska,1889,https://mdxdv.artstor.org/thumb/imgstor/size1/sslps/c35953/13798477.jpg,bierstadt,Cs
1115,Albert Bierstadt,Blue Mountain and Lake,1857,https://stor.artstor.org/stor/92934ae6-9eae-4fd9-aee4-25b5a6c37c59_size1,bierstadt,Ct
1116,Albert Bierstadt,Puget Sound on the Pacific Coast,1870,https://stor.artstor.org/stor/acfb8171-a83a-4132-bd94-1f9bf1c05dfa_size1,bierstadt,As
1117,Albert Bierstadt,Sunlight and Shadow,1862,https://stor.artstor.org/stor/7b4974e0-6635-4036-a336-2f49807a6925_size1,bierstadt,As
1118,Albert Bierstadt,California Spring,1875,https://stor.artstor.org/stor/558cf506-cd61-4242-a9d1-4138a2089f69_size1,bierstadt,Cb
1128,Albert Bierstadt,Farallon Islands,1872,https://stor.artstor.org/stor/56617832-643b-4ba4-a105-eb22a74a7e03_size1,bierstadt,As
1129,Albert Bierstadt,Ruins of Paestum,1858,https://stor.artstor.org/stor/adaa5f69-d3bb-459c-a9b2-505ad049c5d1_size1,bierstadt,Cs
1130,Albert Bierstadt,Giant Redwood Trees of California,1874,https://stor.artstor.org/stor/8ec1d756-60e9-4eca-977f-c7269b4ff82a_size1,bierstadt,Ac
1131,Albert Bierstadt,California Redwoods,1872,https://stor.artstor.org/stor/05620f22-4257-441b-87bc-b1f8763f1be7_size1,bierstadt,Sc
1132,Albert Bierstadt,Westphalia,1855,https://stor.artstor.org/stor/1c5f223b-fa0b-4fbe-b6d1-3853bbfcea0e_size1,bierstadt,Ns
1142,Albert Bierstadt,"View of  Chimney Rock, Ohalilah Sioux Village in the Foreground",1860,https://stor.artstor.org/stor/459433ec-7ccf-4aa6-98eb-9d467b8fe528_size1,bierstadt,Ac
1143,Albert Bierstadt,San Francisco Bay,1871,https://stor.artstor.org/stor/41e8b19d-8b48-4567-87f4-924ef917862e_size1,bierstadt,Ns
1144,Albert Bierstadt,The Merced River in Yosemite,1868,https://stor.artstor.org/stor/cb2d03f4-12af-4fdd-b810-4ca59daebbc9_size1,bierstadt,As
1146,Albert Bierstadt,Saint Anthony's Falls,1888,https://stor.artstor.org/stor/3c407665-47ec-456a-ac6c-bed494dfd801_size1,bierstadt,Ns
1147,Albert Bierstadt,Alaskan Coast Range,1889,https://stor.artstor.org/stor/d6709dc6-7a64-4958-9e5e-9139e7c0b373_size1,bierstadt,Sc
1148,Albert Bierstadt,Olevano,1856,https://stor.artstor.org/stor/2f1f6269-102f-44b5-9708-a56d7fd6fa8c_size1,bierstadt,Cb
1149,Albert Bierstadt,Indians Spear Fishing,1862,https://stor.artstor.org/stor/265c8a2f-2f5b-4089-b75b-637aea315c25_size1,bierstadt,Ns
1150,Albert Bierstadt,Thunderstorm in the Rocky mountains,1859,https://stor.artstor.org/stor/6709c4d6-a64f-4840-8067-074fd692219f_size1,bierstadt,Sc
1167,Albert Bierstadt,Lake Tahoe: Spear Fishing by Torchlight,1875,https://stor.artstor.org/stor/6180456a-10f7-4d0b-89bb-7459f05b043d_size1,bierstadt,Sc
1168,Albert Bierstadt,Sacramento River Valley,1880,https://stor.artstor.org/stor/7fa1d74c-a045-4268-84d1-8a8cfe31236a_size1,bierstadt,Sc
1169,Albert Bierstadt,Sierra Nevada Morning,1870,https://stor.artstor.org/stor/960174b5-7f59-4fab-93e4-6372d5dcf222_size1,bierstadt,Sc
1174,Albert Bierstadt,"El Capitan, Yosemite Valley, California",1875,https://stor.artstor.org/stor/7034cb5d-520b-46f8-908f-0e06cf1c86e3_size1,bierstadt,Ns
1175,Albert Bierstadt,"Marina Piccola, Capri",1859,https://stor.artstor.org/stor/3c36be7c-78e1-4a2c-b417-3bf8cd7b66be_size1,bierstadt,Ns
1176,Albert Bierstadt,Sacramento Valley in Spring,1875,https://stor.artstor.org/stor/6e7b5567-2352-4ae4-afba-47d70cfaf6af_size1,bierstadt,Cu
1177,Albert Bierstadt,"Cho-looke, The Yosemite Fall",1864,https://stor.artstor.org/stor/e4206597-409d-4f4d-bc61-cd9757bde6d0_size1,bierstadt,Ac
1178,Albert Bierstadt,Vernal Falls,1880,https://stor.artstor.org/stor/25affdea-deb4-4654-b89c-7e0bc2581f5d_size1,bierstadt,Cc
1179,Albert Bierstadt,"Wolf River, Kansas",1859,https://stor.artstor.org/stor/d2b42e30-8848-402d-91f3-f48b48fa96be_size1,bierstadt,Sc
1180,Albert Bierstadt,"Wasatch Mountains, Wind River Country, Wyoming",1861,https://stor.artstor.org/stor/76bbab9b-842c-4859-8040-7930a3069867_size1,bierstadt,Cc
1182,Albert Bierstadt,Niagara Falls [Docent Council],1869,https://stor.artstor.org/stor/5853af49-4f70-461b-a1e2-ff0ddfd68317_size1,bierstadt,Ac
1183,Albert Bierstadt,"Platte River, Nebraska",1861,https://stor.artstor.org/stor/36699b67-dcaf-4270-8fd2-4e5bb31f261a_size1,bierstadt,Ns
1184,Albert Bierstadt,Mount Whitney-Grandeur of the Rockies,1875,https://stor.artstor.org/stor/f8e2c1f2-5a30-46ed-8677-df8795e7cbed_size1,bierstadt,Ns
1185,Albert Bierstadt,Butterfly,1890,https://stor.artstor.org/stor/4062d47e-12bc-4eee-b822-ea760ac0dead_size1,bierstadt,Ac
1192,Albert Bierstadt,In the Rockies,1863,https://stor.artstor.org/stor/c34a977c-78c1-4c09-ad31-5bf3d137102f_size1,bierstadt,Cc
1193,Albert Bierstadt,In the Sierras,1868,https://stor.artstor.org/stor/f0ad4202-5340-4093-ae99-8b10eb7b848a_size1,bierstadt,Ns
1194,Albert Bierstadt,Bison with Coyotes in the Background,1859,https://mdxdv.artstor.org/thumb/imgstor/size1/sslps/ucb/1536540.jpg,bierstadt,Ac
1199,Albert Bierstadt,The Conflagration,1882,https://stor.artstor.org/stor/9d68861e-121f-481a-844c-8abd5a837388_size1,bierstadt,Sc
1200,Albert Bierstadt,Cathedral Forest,1854,https://mdxdv.artstor.org/thumb/imgstor/size1/sslps/ucb/20304624.jpg,bierstadt,Ac
1201,Albert Bierstadt,"Guerilla War: Enemy Attack on Union Pickets, 1862",1862,https://stor.artstor.org/stor/db2d913f-0c6e-4033-8a44-2325d44e9811_size1,bierstadt,St
1202,Albert Bierstadt,"Shady Pool,White Mountains,New Hampshire",1869,https://mdxdv.artstor.org/thumb/imgstor/size1/sslps/c37011/16330707.jpg,bierstadt,Ns
1203,Albert Bierstadt,Rising Mist,1875,https://mdxdv.artstor.org/thumb/imgstor/size1/sslps/c37011/16329329.jpg,bierstadt,Ns
1204,Albert Bierstadt,Burning Ship,1869,https://mdxdv.artstor.org/thumb/imgstor/size1/sslps/c37011/16330524.jpg,bierstadt,Ns
1205,Albert Bierstadt,King's River Canyon,1875,https://mdxdv.artstor.org/thumb/imgstor/size1/sslps/c37011/16329509.jpg,bierstadt,Ns
1206,Albert Bierstadt,The Sierra Nevada in California,1868,https://mdxdv.artstor.org/thumb/imgstor/size1/sslps/c37011/16331460.jpg,bierstadt,Ac
1210,Albert Bierstadt,Interiors of Malkasten,1866,https://mdxdv.artstor.org/thumb/imgstor/size1/sslps/c37011/16329637.jpg,bierstadt,Ns
1215,Albert Bierstadt,Shore of the Turquoise Sea,1878,https://mdxdv.artstor.org/thumb/imgstor/size1/sslps/c37011/16329997.jpg,bierstadt,Ns
1216,Albert Bierstadt,Indians Traveling near Fort Laramie,1861,https://mdxdv.artstor.org/thumb/imgstor/size1/sslps/c37011/16329998.jpg,bierstadt,Cs
1218,Albert Bierstadt,Landscape in the Bahamas,1870,https://stor.artstor.org/stor/758d6635-bbe3-42eb-913b-941dcae8b929_size1,bierstadt,Sc
1219,Albert Bierstadt,The IslandIsland in the Lake,1889,https://stor.artstor.org/stor/536545e2-6030-4364-b791-56e1e4fb7079_size1,bierstadt,Ns
1233,Albert Bierstadt,Sketch of Mountains and Lake (from Sketchbook),1890,https://stor.artstor.org/stor/e7941e98-fa72-454c-978e-0272b6112736_size1,bierstadt,Cc
1234,Albert Bierstadt,Landscape Sketch (from Sketchbook),1890,https://stor.artstor.org/stor/e6b62fb8-4e65-451e-9bb5-08938a13938b_size1,bierstadt,As
1235,Albert Bierstadt,Study of a Tree,1864,https://stor.artstor.org/stor/a5ed18ef-52e9-467e-9833-74e9b0920119_size1,bierstadt,Ci
1258,Albert Bierstadt,Landing of Columbus,1893,https://mdxdv.artstor.org/thumb/imgstor/size1/sslps/ucb/20305208.jpg,bierstadt,Ac
1259,Albert Bierstadt,Two Landscape Sketches (from Sketchbook),1890,https://stor.artstor.org/stor/8038feb1-8b9f-4d74-b014-0260077d894d_size1,bierstadt,Cs
1264,Albert Bierstadt,Trees on a Hill (from Sketchbook),1890,https://stor.artstor.org/stor/832de04b-3632-4c37-8b70-9b6d62919746_size1,bierstadt,Ns
1314,Albert Bierstadt,Trees (from Sketchbook),1890,https://stor.artstor.org/stor/0d0a4cf9-c710-455b-959d-47270ad45824_size1,bierstadt,Cc
1319,Albert Bierstadt,Lake Nipissing (from Sketchbook),1890,https://stor.artstor.org/stor/dc17aabf-1797-48da-b5a9-44fd4a64d9f4_size1,bierstadt,Cs
1324,Albert Bierstadt,Alder and Evergreen (from Sketchbook),1890,https://stor.artstor.org/stor/ab157368-151b-4040-885b-8b928d13cc5e_size1,bierstadt,Cc
1325,Albert Bierstadt,Trees with Red Berries (from Sketchbook),1890,https://stor.artstor.org/stor/6a507866-a13a-4481-91e2-02c96b67ed67_size1,bierstadt,Ac
1346,Albert Bierstadt,Rocky Landscape with Trees (from Sketchbook),1890,https://stor.artstor.org/stor/570c1201-91f4-46a7-ba70-ef9e27a81939_size1,bierstadt,Ac
1347,Albert Bierstadt,Tree Sketch (from Sketchbook),1890,https://stor.artstor.org/stor/72572697-c8a4-42a6-94af-f38d7482256f_size1,bierstadt,Cs
1352,Albert Bierstadt,Two Sketches of Bay Scenery (from Sketchbook),1890,https://stor.artstor.org/stor/de4b82a4-da3a-4ff1-9d36-0598bfc0181b_size1,bierstadt,Ns
1353,Albert Bierstadt,Riverbank with Mountains (from Sketchbook),1890,https://stor.artstor.org/stor/d16a4c25-258b-4b96-8f67-ee1242db2a39_size1,bierstadt,Ac
1372,Albert Bierstadt,"Geographical and Geological Notes on Skagit County, Washington (from Sketchbook)",1890,https://stor.artstor.org/stor/ebc74289-cdfc-4ada-902f-6399eca48178_size1,bierstadt,Ac
1386,Albert Bierstadt,Small Section of a Landscape (from Sketchbook),1890,https://stor.artstor.org/stor/3b788906-079d-4125-be21-c57d553324fa_size1,bierstadt,As
1387,Albert Bierstadt,Two Tree Sketches (from Sketchbook),1890,https://stor.artstor.org/stor/4238650a-8886-47c4-bc5d-8b19a93385c2_size1,bierstadt,Ac
1397,Albert Bierstadt,Sketch of Mountain Scenery (from Sketchbook),1890,https://stor.artstor.org/stor/41cac1d1-4451-448d-8e56-26d3a35649c2_size1,bierstadt,Ac
1398,Albert Bierstadt,Two Sketches of Mountain Landscapes (from Sketchbook),1890,https://stor.artstor.org/stor/d24d037c-a6ee-4574-8ee7-d8d30da8a255_size1,bierstadt,Cs
1403,Albert Bierstadt,Riverbank with Mountains and Trees (from Sketchbook),1890,https://stor.artstor.org/stor/861725f5-926e-4a4d-a993-b6408f984bbe_size1,bierstadt,Ac
1412,Albert Bierstadt,After the Storm,1870,https://stor.artstor.org/stor/479571a6-0f00-4508-a601-703fb52536f6_size1,bierstadt,Ns
1413,Albert Bierstadt,Weapons and Accessories (from Sketchbook),1891,https://stor.artstor.org/stor/a8729f80-3623-426a-accb-564b5e909958_size1,bierstadt,Ns
1414,Albert Bierstadt,Mountain Landscape with River (Stave?) and Trees (from Sketchbook),1890,https://stor.artstor.org/stor/3d76cbdb-c1fe-463d-9f86-bab593a3c2cb_size1,bierstadt,Ac
1415,Albert Bierstadt,Two Sketches: River Bank with Trees; Figure in a Canoe (from Sketchbook),1890,https://stor.artstor.org/stor/fa258e4e-625a-4cd7-9292-8136b3dea7bd_size1,bierstadt,Ac
1416,Albert Bierstadt,Study for Seascape (from Sketchbook),1891,https://stor.artstor.org/stor/a462f2d5-5142-4d9b-8247-3bb3297c48bd_size1,bierstadt,Ac
1417,Albert Bierstadt,Sketches of Figures Bearing Arms (from Sketchbook),1891,https://stor.artstor.org/stor/aa88b202-021d-4143-ac1b-439f60a0aa64_size1,bierstadt,Ac
1418,Albert Bierstadt,Sketches of Telescopes on a Ship's Deck (from Sketchbook),1891,https://stor.artstor.org/stor/508a88fe-7639-4a41-8154-5895b1d850f9_size1,bierstadt,Ac
2443,Albert Bierstadt,Sketch of a Ship for the Landing of Columbus (from Sketchbook),1891,https://stor.artstor.org/stor/17dcc7a6-07a3-4401-8cb0-326e9ed54bf7_size1,bierstadt,Cs
2444,Albert Bierstadt,Mission (Warnock?): Landscape with Mountains and Foreground Trees (from Sketchbook),1890,https://stor.artstor.org/stor/d97ca730-9027-47fd-8bfe-ea87e1e6bfe6_size1,bierstadt,Cs
2454,Albert Bierstadt,Canadian Landscape with Mountains and Trees (from Sketchbook),1890,https://stor.artstor.org/stor/8cf2b484-242a-40e8-924d-f5115f255e92_size1,bierstadt,Ac
2455,Albert Bierstadt,Two Rowboats (from Sketchbook),1891,https://stor.artstor.org/stor/857a1f3f-3d3d-46f2-bd87-cc755a672c79_size1,bierstadt,Ac
2460,Albert Bierstadt,Sketches of a Canoe and Sailboats (from Sketchbook),1890,https://stor.artstor.org/stor/6b9706c3-c207-4f69-9f18-52cbc8286a48_size1,bierstadt,Ac
2461,Albert Bierstadt,Outline Sketch of a Ship's Stern (from Sketchbook),1891,https://stor.artstor.org/stor/ee88b2e2-2e9e-41a2-ac92-7076863114b9_size1,bierstadt,Ac
2462,Albert Bierstadt,Sketch of a Rowboat (from Sketchbook),1891,https://stor.artstor.org/stor/7252c4d6-7550-478f-8858-2e1e434d58c9_size1,bierstadt,Cs
2463,Albert Bierstadt,Sketches of Rowboats (from Sketchbook),1891,https://stor.artstor.org/stor/8851a9f8-5051-4223-9c76-1a5360a82426_size1,bierstadt,Ac
2464,Albert Bierstadt,Study of a Ship and Rowboat (from Sketchbook),1891,https://stor.artstor.org/stor/6cea8ccd-dc21-4b48-8347-0a260f5e2cb8_size1,bierstadt,Cs
2465,Albert Bierstadt,Sketch of a Ship's Stern (from Sketchbook),1891,https://stor.artstor.org/stor/f7c02fef-122c-422b-8f0a-152ea8084e15_size1,bierstadt,Ac
2466,Albert Bierstadt,Sketch of a Caravel; Figure in a Boat (from Sketchbook),1891,https://stor.artstor.org/stor/b22ed62a-5f40-455a-8c75-1f60f387aa34_size1,bierstadt,Cs
2467,Albert Bierstadt,Breech Loading Falconet (from Sketchbook),1891,https://stor.artstor.org/stor/6ef91d3e-5ec5-4b81-877d-d0cacc79dbe4_size1,bierstadt,Cs
2468,Albert Bierstadt,Sketch of a Ship at Anchor for The Landing of Columbus (from Sketchbook),1891,https://stor.artstor.org/stor/c3c55b5c-33b3-4b49-be47-bc1716d3cc31_size1,bierstadt,Cs
2469,Albert Bierstadt,Study of a Flag for the Landing of Columbus (from Sketchbook),1891,https://stor.artstor.org/stor/2986ae5f-7f13-450a-9400-2fbc5cebe868_size1,bierstadt,Cc
2470,Albert Bierstadt,Studies of Coats of Arms for the Landing of Columbus (from Sketchbook),1891,https://stor.artstor.org/stor/f028cae2-d26a-4a78-beb2-7f1c0414bcb4_size1,bierstadt,Ac
2471,Albert Bierstadt,Sketches of Rowboat and Figure Standing in a Rowboat (from Sketchbook),1891,https://stor.artstor.org/stor/971de176-c254-4836-bef5-e64e57edf49c_size1,bierstadt,Ac
2472,Albert Bierstadt,Captain Concay (?) Commanding The New (?) Santa Maria (from Sketchbook),1891,https://stor.artstor.org/stor/c9c4c56e-78ce-4e2d-a7a5-3e1f166fb7d7_size1,bierstadt,Ac
2473,Albert Bierstadt,Study of a Rowboat: View Toward the Stern (from Sketchbook),1891,https://stor.artstor.org/stor/0d6dae91-b2d0-4948-802c-667df2a62019_size1,bierstadt,Ns
2474,Albert Bierstadt,Ship Study for the Landing of Columbus (from Sketchbook),1891,https://stor.artstor.org/stor/50e68ebd-b6ab-4544-a3a1-9f90352602e5_size1,bierstadt,Cs
2479,Albert Bierstadt,"Rocky Pool, New Hampshire",1860,https://stor.artstor.org/stor/de10bc21-6f5b-4f1b-9ec2-0262733c8571_size1,bierstadt,Ac
2488,Albert Bierstadt,"Cloud Study, Moonlight",1860,https://stor.artstor.org/stor/da5fc73c-4400-4e8f-a51a-8d26d307a162_size1,bierstadt,As
2546,Albert Bierstadt,Poplars (from Sketchbook),1890,https://stor.artstor.org/stor/917d5eae-6b78-44b4-afb1-264ddebc2330_size1,bierstadt,Cc
2551,Albert Bierstadt,"Mountain, Lake with Sailboats (from Sketchbook)",1890,https://stor.artstor.org/stor/298a0a75-8c99-46d8-aa6b-d62d19062394_size1,bierstadt,Cc
2565,Albert Bierstadt,Buffalo Trail,1867,https://stor.artstor.org/stor/ab7beb02-1bd8-4b5c-bf89-25838810b50d_size1,bierstadt,Cu
2574,Albert Bierstadt,Mountain Sketch (from Sketchbook),1890,https://stor.artstor.org/stor/f75c59f1-a29c-4635-a83e-b3ff3456bf06_size1,bierstadt,Cc
2579,Albert Bierstadt,Sketch of Sky and Mountains (from Sketchbook),1890,https://stor.artstor.org/stor/9b232a97-156b-43bd-8b02-a5e06bd20454_size1,bierstadt,Ns
2580,Albert Bierstadt,Landscape with Mountains and Hills (from Sketchbook),1890,https://stor.artstor.org/stor/3ec7e4cc-00e4-4dd5-a11c-2d44b0d74ea7_size1,bierstadt,As
2581,Albert Bierstadt,Cliffside with Trees (from Sketchbook),1890,https://stor.artstor.org/stor/e4f4d1fa-3547-4bef-a117-99275c898195_size1,bierstadt,Ac
2582,Albert Bierstadt,Trees on a Cliffside (from Sketchbook),1890,https://stor.artstor.org/stor/09aac6ab-ced8-40ee-9999-d6dcb0d3c3f4_size1,bierstadt,Ac
2592,Albert Bierstadt,Bay Scene at Sunset (from Sketchbook),1890,https://stor.artstor.org/stor/7f11527d-55c7-4090-9472-d6518fbd3b18_size1,bierstadt,Cs
2593,Albert Bierstadt,Mountain Landscape with Foreground Trees (from Sketchbook),1890,https://stor.artstor.org/stor/96dec139-ad53-445e-b49d-7f5a5bf523a6_size1,bierstadt,Cs
2594,Albert Bierstadt,Rocky Inlet (from Sketchbook),1890,https://stor.artstor.org/stor/3ebabfe2-82e2-43f9-953f-18f35add5203_size1,bierstadt,Cs
2595,Albert Bierstadt,Sketches of Three Trees (from Sketchbook),1890,https://stor.artstor.org/stor/78f2f277-7253-4918-bc1f-a8752c476444_size1,bierstadt,St
2596,Albert Bierstadt,Encampment with Canoes (from Sketchbook),1890,https://stor.artstor.org/stor/21eb4806-aa57-474b-aa38-43e7a2d9cc67_size1,bierstadt,Cc
2597,Albert Bierstadt,Landscape with Tree in Foreground (from Sketchbook),1890,https://stor.artstor.org/stor/24cecf6e-f44e-4f7b-8458-7197d6b35fd3_size1,bierstadt,Cs
2598,Albert Bierstadt,Canadian Mountain Scene (from Sketchbook),1890,https://stor.artstor.org/stor/0abe5977-b9b9-4917-b32a-45f6d1fc360c_size1,bierstadt,Cc
2599,Albert Bierstadt,"Pond and Wild Terrain, Autumn (from Sketchbook)",1890,https://stor.artstor.org/stor/8fc519d2-bc4d-49fe-9457-670425a1ab02_size1,bierstadt,Cc
2600,Albert Bierstadt,Hunter on Lake Nipissing; Lake Near Sudbury (from Sketchbook),1890,https://stor.artstor.org/stor/8949ee3d-78d0-4be2-8c4d-9b1c1f8934d5_size1,bierstadt,St
2605,Albert Bierstadt,Rowboat (from Sketchbook),1891,https://stor.artstor.org/stor/c2d0e011-76d1-44b3-81f8-cbc3882f664c_size1,bierstadt,Cs
2606,Albert Bierstadt,Outline Sketches of Two Rowboats (from Sketchbook),1891,https://stor.artstor.org/stor/dfb3f415-c030-4949-ad6b-07a98b9743ce_size1,bierstadt,Ac
2607,Albert Bierstadt,Sketch of a Cliffside with Trees (from Sketchbook),1890,https://stor.artstor.org/stor/79cda1ec-2373-4ab4-ae84-21980afecec5_size1,bierstadt,Cc
2608,Albert Bierstadt,Sketches of a Cliffside and a Tree (from Sketchbook),1890,https://stor.artstor.org/stor/81a21f58-b9b2-4568-b9a1-f03952f4f394_size1,bierstadt,Cs
2609,Albert Bierstadt,Two Landscape Sketches with Trees and Mountains (from Sketchbook),1890,https://stor.artstor.org/stor/bdfedbf0-f71b-4efe-bc5e-c6d4e2da0af3_size1,bierstadt,St
2610,Albert Bierstadt,Map of Region Northwest of Mount Tacoma (from Sketchbook),1890,https://stor.artstor.org/stor/df90e829-2a30-4327-90ef-dedbb2c382f7_size1,bierstadt,Ac
2611,Albert Bierstadt,Landscape with Trees and Figure in a Canoe (from Sketchbook),1890,https://stor.artstor.org/stor/9111946a-3fa8-4f8e-bf4e-219444d1b18c_size1,bierstadt,Ac
2612,Albert Bierstadt,Sketches of Two Trees and a Mountain (from Sketchbook),1890,https://stor.artstor.org/stor/23e5bd2a-3dec-4b9e-9778-9a2b77dac16d_size1,bierstadt,Ac
2617,Albert Bierstadt,Standard (from Sketchbook),1891,https://stor.artstor.org/stor/8d271d4d-8ce3-4a1d-a86b-600be0ae90ce_size1,bierstadt,Cs
2618,Albert Bierstadt,Landscape with Two Trees in Foreground (from Sketchbook),1890,https://stor.artstor.org/stor/ceba37b9-c43a-4929-8df5-e3959a09992c_size1,bierstadt,Cc
2619,Albert Bierstadt,Trees on a Cliffside with a Mountain in the Background (from Sketchbook),1890,https://stor.artstor.org/stor/35a5a072-67c9-4a3d-8bef-340175b5eacf_size1,bierstadt,Cc
2620,Albert Bierstadt,Ship and Windsock (from Sketchbook),1891,https://stor.artstor.org/stor/e762b9b3-426c-4901-9e48-21ddb7298d4b_size1,bierstadt,Cs
2621,Albert Bierstadt,Four Rowboat Sketches (from Sketchbook),1891,https://stor.artstor.org/stor/a63ea0ac-68ce-494c-9412-00eeef0330af_size1,bierstadt,Cs
2622,Albert Bierstadt,Sketch of a Ship Seen from the Stern (from Sketchbook),1891,https://stor.artstor.org/stor/b29e2b52-00a4-462e-9cd9-6215fac0b676_size1,bierstadt,Ac
2623,Frederic Edwin Church,Our Banner in the Sky,1861,https://mdxdv.artstor.org/thumb/imgstor/size1/sslps/c35953/18108003.jpg,church,Ac
2983,Frederic Edwin Church,The Andes of Ecuador,1855,https://stor.artstor.org/stor/55991c93-1b7f-4d0d-a716-c419948323fd_size1,church,Sc
2987,Frederic Edwin Church,Rainy Season in the Tropics,1866,https://stor.artstor.org/stor/7c424bcd-59f2-4949-bec1-1e6a02940a90_size1,church,Ac
2991,Frederic Edwin Church,Passing Shower in the Tropics,1872,https://stor.artstor.org/stor/9cc8f35c-7cdd-4a1f-8194-4721b3a8bd21_size1,church,Ns
2995,Frederic Edwin Church,A Passing Storm,1849,https://stor.artstor.org/stor/5542ec46-9dcd-4f29-9dd0-00054ed9b94b_size1,church,As
3048,Frederic Edwin Church,The Icebergs,1861,https://stor.artstor.org/stor/5fb31857-96d6-48b4-bc33-7fceb45a20fe_size1,church,Sc
3052,Frederic Edwin Church,A Country Home,1854,https://stor.artstor.org/stor/f23252fd-ff4e-4820-ab5f-c9b3466457d7_size1,church,Sc
3056,Frederic Edwin Church,View from Olana in the Snow,1871,https://stor.artstor.org/stor/f4f485a8-5d46-438f-97fe-72bf2d1c6fe2_size1,church,As
3736,Frederic Edwin Church,Early Autumn,1865,https://stor.artstor.org/stor/c01587f0-44d6-496d-a969-29f3143ae506_size1,church,Cs
3758,Frederic Edwin Church,Niagara Falls by MoonlightMoonlight Landscape,1856,https://stor.artstor.org/stor/aa3ba366-cc18-452d-87a2-d7c2bd7ec4cd_size1,church,Sc
3762,Frederic Edwin Church,"Magdalena River, New Granada, Equador",1853,https://stor.artstor.org/stor/45aaff68-3c4a-4a6b-97f5-04e41a038899_size1,church,Sc
3791,Frederic Edwin Church,Icebergs,1863,https://stor.artstor.org/stor/6b2bfc80-9944-4c22-84b8-84836c81f618_size1,church,Ns
3795,Frederic Edwin Church,Landscape with Two Trees,1864,https://stor.artstor.org/stor/351bdcb5-2e99-4221-9041-c794478c86dc_size1,church,Ns
3799,Frederic Edwin Church,Pinchincha Bridge at San Luis Rey,1867,https://stor.artstor.org/stor/7384d302-2b84-4969-b6fd-0e9221d3f682_size1,church,St
3803,Frederic Edwin Church,The Iceberg,1875,https://mdxdv.artstor.org/thumb/imgstor/size1/sslps/c35953/18109986.jpg,church,Ac
3804,Frederic Edwin Church,Niagara Falls by Moonlight,1856,https://stor.artstor.org/stor/315e24fc-fe8e-43ba-acda-607e7c9b4eec_size1,church,As
3805,Frederic Edwin Church,The Monastery of San Pedro (Our Lady of the Snows),1879,https://stor.artstor.org/stor/985b7cee-7878-40a5-8eb5-46015e9b4352_size1,church,Ac
3806,Frederic Edwin Church,The Aegean Sea,1877,https://stor.artstor.org/stor/2900833d-7435-4539-b405-74ef1586cd63_size1,church,Cb
3807,Frederic Edwin Church,Aurora Borealis,1865,https://stor.artstor.org/stor/73c105c2-46de-4935-b814-1f27d7f8a513_size1,church,Ct
3808,Frederic Edwin Church,Twilight (Catskill Mountain),1858,https://stor.artstor.org/stor/1febf159-c7e0-4e8d-8383-c7a890e6f6d7_size1,church,Sc
3813,Frederic Edwin Church,Mount Katahdin from Lake Millinocket,1878,https://stor.artstor.org/stor/6784ab6f-92c2-46dc-b0df-4c7cd0afd0b7_size1,church,St
3814,Frederic Edwin Church,View of Beirut,1869,https://mdxdv.artstor.org/thumb/imgstor/size1/sslps/c7731849/22146051.jpg,church,Ac
3815,Frederic Edwin Church,Mount Katahdin from the West [Looking West toward Mount Katahdin],1852,https://stor.artstor.org/stor/0442a2aa-5a44-4544-87a1-ebf8eba99427_size1,church,Ns
3820,Frederic Edwin Church,"View of Wimmis, Valley of the Simmental, Switzerland",1868,https://stor.artstor.org/stor/4d531dbb-5f85-4e0d-a52b-1deab1ebf568_size1,church,Ac
3821,Frederic Edwin Church,"Woman drinking, wine bottles, recto",1878,https://stor.artstor.org/stor/134991fc-aa21-4223-a736-60a8deb98683_size1,church,Ac
3822,Frederic Edwin Church,"Coast of Grand Manan Island, Canada",1851,https://stor.artstor.org/stor/c99ed2d3-903f-4d7b-b8bb-7b3ba74d601f_size1,church,Ns
3823,Frederic Edwin Church,Distant View of the Katahdin shown from West,1856,https://stor.artstor.org/stor/62848130-0d60-484e-a069-d6b318eaec3b_size1,church,Cs
3824,Frederic Edwin Church,Man Paddling a Canoe on Millinoket [sic] River,1878,https://stor.artstor.org/stor/744c27ed-cbab-4e06-8431-645f661b084f_size1,church,Ac
3825,Frederic Edwin Church,Shore of Lake and Foothills of Mount Katahdin,1856,https://stor.artstor.org/stor/87ae12bf-0e45-4e09-a68c-72b5585b2e21_size1,church,Ns
3826,Frederic Edwin Church,"Shopping List for Mount Katahdin Climb, verso",1878,https://stor.artstor.org/stor/fa6a7e70-fb50-45b9-b85e-dddf3e295e58_size1,church,Cc
3827,Frederic Edwin Church,Sunset Across the Hudson Valley,1870,https://stor.artstor.org/stor/61f3a7c6-c015-488a-a290-726338da38cf_size1,church,Sc
3828,Frederic Edwin Church,Hudson River Valley in Winter Looking Southwest from Olana,1870,https://stor.artstor.org/stor/d66a8c03-6941-491b-ae8a-a4ddcef68be5_size1,church,As
3829,Frederic Edwin Church,"Palm Trees, West Indies",1865,https://mdxdv.artstor.org/thumb/imgstor/size1/sslps/ucb/1536544.jpg,church,Ac
3830,Frederic Edwin Church,"Rough Surf, Mount Desert Island, Maine",1850,https://mdxdv.artstor.org/thumb/imgstor/size1/sslps/ucb/1536545.jpg,church,Cc
3831,Frederic Edwin Church,"Beacon, off Mount Desert Island",1851,https://mdxdv.artstor.org/thumb/imgstor/size1/sslps/ucb/20293882.jpg,church,Ac
3832,Frederic Edwin Church,"West Rock, New Haven",1849,https://mdxdv.artstor.org/thumb/imgstor/size1/sslps/ucb/20276421.jpg,church,Ns
3834,Frederic Edwin Church,Our Flag,1864,https://stor.artstor.org/stor/a790bd3f-b4d0-486a-84b9-a4bc26369786_size1,church,As
3884,Frederic Edwin Church,The Wreck,1852,https://mdxdv.artstor.org/thumb/imgstor/size1/sslps/ucb/20297240.jpg,church,Ns
3885,Frederic Edwin Church,"Niagara Falls, from the American Side",1867,https://mdxdv.artstor.org/thumb/imgstor/size1/sslps/ucb/20289586.jpg,church,Cc
3886,Frederic Edwin Church,Andes of Ecuador,1855,https://mdxdv.artstor.org/thumb/imgstor/size1/sslps/ucb/20296980.jpg,church,Sc
3887,Frederic Edwin Church,To the Memory of Cole,1848,https://mdxdv.artstor.org/thumb/imgstor/size1/sslps/ucb/20292311.jpg,church,Sc
3890,Frederic Edwin Church,Twilight (Sunset),1856,https://mdxdv.artstor.org/thumb/imgstor/size1/sslps/ucb/20283826.jpg,church,Sc
3891,Frederic Edwin Church,The Cordilleras: Sunrise,1854,https://mdxdv.artstor.org/thumb/imgstor/size1/sslps/ucb/20277444.jpg,church,Sc
3892,Frederic Edwin Church,La Magdalena (Scene on the Magdalena),1854,https://mdxdv.artstor.org/thumb/imgstor/size1/sslps/ucb/20275975.jpg,church,Sc
3893,Frederic Edwin Church,Jerusalem from the Mount of Olives,1870,https://mdxdv.artstor.org/thumb/imgstor/size1/sslps/ucb/20291338.jpg,church,Sc
3894,Frederic Edwin Church,Country Home,1854,https://mdxdv.artstor.org/thumb/imgstor/size1/sslps/ucb/20279939.jpg,church,Ns
3895,Frederic Edwin Church,Stereoscopic view of Church's Studio at Tenth Street Studio showing Rainy Season in the Tropics on the easel,1866,https://mdxdv.artstor.org/thumb/imgstor/size1/sslps/ucb/20269914.jpg,church,Ns
3896,Frederic Edwin Church,"Sunset, Bar Harbor",1854,https://mdxdv.artstor.org/thumb/imgstor/size1/sslps/ucb/20295464.jpg,church,As
3897,Frederic Edwin Church,Study for Rainy Season in the Tropics,1863,https://mdxdv.artstor.org/thumb/imgstor/size1/sslps/ucb/20265191.jpg,church,Cs
3898,Frederic Edwin Church,"Horseshoe Falls, Niagara",1856,https://mdxdv.artstor.org/thumb/imgstor/size1/sslps/ucb/20290425.jpg,church,Sc
3899,Frederic Edwin Church,Sunset across the Hudson Valley,1870,https://mdxdv.artstor.org/thumb/imgstor/size1/sslps/ucb/20284441.jpg,church,Ns
3900,Frederic Edwin Church,"At the Base of the American Falls, Niagara",1856,https://mdxdv.artstor.org/thumb/imgstor/size1/sslps/ucb/20294118.jpg,church,Cc
3901,Frederic Edwin Church,"Cotopaxi Seen from Ambato, Ecuador",1853,https://mdxdv.artstor.org/thumb/imgstor/size1/sslps/ucb/20266901.jpg,church,As
3911,Jasper Cropsey,"Starrucca Viaduct, Susquehanna Valley",1865,https://stor.artstor.org/stor/678fa98c-c3f7-4dcc-b458-63b8c3d2dd57_size1,cropsey,As
3912,Jasper Cropsey,Evening,1855,https://stor.artstor.org/stor/c5acde56-7a30-4c30-b8d4-29db83df3cf8_size1,cropsey,Cc
3913,Jasper Cropsey,"Fisherman's House, Greenwood Lake",1877,https://stor.artstor.org/stor/fc65dda0-b6ee-4ba3-854a-9e67059d0933_size1,cropsey,St
3914,Jasper Cropsey,Lake George,1872,https://stor.artstor.org/stor/ccfdacf6-a71c-4572-aab9-4ff547634e79_size1,cropsey,Ns
3920,Jasper Cropsey,"Study for ""Youle's Shot Tower,"" New York City",1844,https://stor.artstor.org/stor/2d29793d-5a16-43bb-9d4e-92c903ead94e_size1,cropsey,Cc
3921,Jasper Cropsey,"Sunset, Lake George, New York",1867,https://stor.artstor.org/stor/11bc3521-935e-4dcc-8f5e-7522ce95f9ce_size1,cropsey,Ns
3926,Jasper Cropsey,"Youle's Shot Tower, New York City",1845,https://stor.artstor.org/stor/79b0dc24-bdd6-464b-9b5d-efd9d6aeb17d_size1,cropsey,Sc
3927,Jasper Cropsey,Landscape with Ruins,1854,https://stor.artstor.org/stor/13bfdb4e-3e43-4170-9f38-1910df30589d_size1,cropsey,Ns
3928,Jasper Cropsey,"Castle Garden, New York",1859,https://stor.artstor.org/stor/ad27b76a-3c02-4eb5-9090-34ae0417ef3d_size1,cropsey,Cc
3929,Jasper Cropsey,A Sketch of Castle Garden,1851,https://stor.artstor.org/stor/9cedcb2a-abd6-4f4e-95f1-2e7ddce66323_size1,cropsey,Ac
3950,Jasper Cropsey,Sunset after a Storm in the Catskill Mountains,1860,https://stor.artstor.org/stor/da623588-ed77-4e84-92d4-36fad9da666f_size1,cropsey,Sc
3951,Jasper Cropsey,Sidney Plains with the Union of the Susquehanna and Unadilla Rivers,1874,https://stor.artstor.org/stor/e74a2717-4086-45b7-ba0d-21d8183006ea_size1,cropsey,Ac
3952,Jasper Cropsey,The Hudson at Piermont,1852,https://stor.artstor.org/stor/9ac10649-afae-456d-9591-e2c24f1c4b82_size1,cropsey,St
3953,Jasper Cropsey,View of the Kaaterskill House,1855,https://stor.artstor.org/stor/22cacbcf-7bd4-4261-8678-fcea23f861a6_size1,cropsey,Sc
3954,Jasper Cropsey,Catskill Mountain House,1855,https://stor.artstor.org/stor/88129d9a-bad1-4fe2-bf84-6d8feea87ae2_size1,cropsey,Ns
3967,Jasper Cropsey,Study of a Clump of Trees,1848,https://stor.artstor.org/stor/f36e703c-944d-4f79-9cd9-79252703a9ea_size1,cropsey,Cs
3968,Jasper Cropsey,"Janetta Falls, New Jersey",1846,https://stor.artstor.org/stor/4493ce29-6de3-4e03-a308-be8f3650ffff_size1,cropsey,Sc
3969,Jasper Cropsey,"High Torne Mountain, Rockland County, New York",1850,https://stor.artstor.org/stor/d42ea0d8-3a39-46d4-b371-cc78e9ca1fa9_size1,cropsey,Ns
3970,Jasper Cropsey,Walton-on-Thames,1860,https://stor.artstor.org/stor/14a96992-e502-4905-b236-5ab748bde241_size1,cropsey,Ns
3971,Jasper Cropsey,Mountain Landscape,1852,https://stor.artstor.org/stor/3422fc9d-ca24-4881-a6e7-a64486c90146_size1,cropsey,Ac
3972,Jasper Cropsey,Summer Landscape: Haymaking (after American Harvesting),1851,https://stor.artstor.org/stor/9112cc03-9402-40be-8a45-38603366a7fb_size1,cropsey,Cs
3973,Jasper Cropsey,"Schatacook Mountain, Housatonic Valley, Connecticut",1845,https://stor.artstor.org/stor/69a3778c-40d4-4d8e-b8dc-4b249a7ae0a7_size1,cropsey,St
3974,Jasper Cropsey,October,1887,https://stor.artstor.org/stor/acb03e76-8ed3-4c22-9018-feeb4680b0a6_size1,cropsey,Ns
3981,Jasper Cropsey,A View from Bald Mountain,1843,https://stor.artstor.org/stor/cf570bcb-9e7c-46fb-bd6c-468034aee423_size1,cropsey,Sc
3991,Jasper Cropsey,Untitled,1875,https://stor.artstor.org/stor/95b2c9c3-bdbe-4def-b820-cb4ef2769348_size1,cropsey,Ns
3992,Jasper Cropsey,The Coast of Genoa,1854,https://stor.artstor.org/stor/5f20bd07-50e9-400d-96af-a96b5e63109a_size1,cropsey,Ac
3993,Jasper Cropsey,Niagara Falls from the Foot of Goat Island,1851,https://stor.artstor.org/stor/7edf03cd-1a4e-40cb-9468-9b2d7ac17405_size1,cropsey,Ns
3994,Jasper Cropsey,"City House, Front Elevation (Four-storey house)",1873,https://stor.artstor.org/stor/91703e1b-171e-4ecf-ab58-037219d283c8_size1,cropsey,As
3995,Jasper Cropsey,"Summer Cottage, Front Elevation II",1866,https://stor.artstor.org/stor/3054dc26-74a8-4bc1-a82e-db3f47151312_size1,cropsey,As
3996,Jasper Cropsey,"View of Greenwood Lake, New Jersey",1845,https://stor.artstor.org/stor/33c979c7-aa31-4f15-974d-dcda5c8ff633_size1,cropsey,Ns
4001,Jasper Cropsey,Laundry Day,1846,https://stor.artstor.org/stor/c651a062-2f64-4a2d-b63a-a3ff0ef0b5aa_size1,cropsey,Ns
4002,Jasper Cropsey,"Wickham Pond and Sugar Loaf Mountain, Orange County",1876,https://stor.artstor.org/stor/b8b07a06-26e9-4f2f-bf59-3f24d2d09b85_size1,cropsey,Ns
4003,Jasper Cropsey,"Italian Landscape near Rome: Study for ""Mountain Stream""",1847,https://stor.artstor.org/stor/4c49cbee-d9bb-40be-adea-b063be371b54_size1,cropsey,Ns
4004,Jasper Cropsey,Mounts Adam and Eve,1872,https://stor.artstor.org/stor/77448b50-263b-4927-883e-6ddd02672f04_size1,cropsey,Sc
4005,Jasper Cropsey,"Villa d'Este, Tivoli",1848,https://stor.artstor.org/stor/7394a5d6-2986-4e37-a21b-165faba3bf35_size1,cropsey,Ns
4014,Jasper Cropsey,"Warwick Castle, England",1857,https://stor.artstor.org/stor/232fd41b-0712-4b07-b0f7-de21150d0d4f_size1,cropsey,Ns
4015,Jasper Cropsey,View through the Trees at Tivoli [recto],1848,https://stor.artstor.org/stor/5f7e972c-bbf1-425f-8cd0-ec996ef326f6_size1,cropsey,Ac
4016,Jasper Cropsey,Rocks at West Lulworth,1857,https://stor.artstor.org/stor/9ed77dba-2177-43b4-bf2e-560f52633b86_size1,cropsey,As
4017,Jasper Cropsey,Man Working,1847,https://stor.artstor.org/stor/ee09aed9-499b-473a-917f-6668b3496432_size1,cropsey,Ac
4018,Jasper Cropsey,Country Scene,1847,https://stor.artstor.org/stor/e7574bb8-9305-48e3-836c-73e54797baf1_size1,cropsey,St
4019,Jasper Cropsey,"Conway, New Hampshire",1858,https://stor.artstor.org/stor/af9e5d54-7a26-48c1-bc60-9128b4680620_size1,cropsey,Cc
4020,Jasper Cropsey,Evening at Lake George,1868,https://stor.artstor.org/stor/880d3262-60ec-4ada-889e-7c28f8e9548b_size1,cropsey,As
4021,Jasper Cropsey,Landscape with River,1880,https://stor.artstor.org/stor/c48cf113-9dd7-4efe-befa-4bce7ff3eec6_size1,cropsey,Ns
4022,Jasper Cropsey,Autumn in the Warwick Valley,1883,https://stor.artstor.org/stor/ea37ba41-3011-4081-bed4-85eba738716a_size1,cropsey,Ns
4023,Jasper Cropsey,Gate,1857,https://stor.artstor.org/stor/13bbaeed-cc32-4d38-8b84-222fa859e135_size1,cropsey,Ns
4024,Jasper Cropsey,"Wyoming Valley, Pennsylvania",1864,https://stor.artstor.org/stor/d50c592f-464e-402b-9902-e64a7449ab99_size1,cropsey,Sc
4029,Jasper Cropsey,"Autumn Landscape, Sugar Loaf Mountain, Orange County, New York",1870,https://stor.artstor.org/stor/87e6a3e9-395e-493e-8259-5e2c303cc6d7_size1,cropsey,Ns
4030,Jasper Cropsey,The Clove - A Storm Scene in the Catskill Mountains,1851,https://stor.artstor.org/stor/c616aee9-33f2-4e12-90dd-4327cf8d864a_size1,cropsey,Sc
4035,Jasper Cropsey,A Blasted Tree (recto) Floorplan (verso),1851,https://stor.artstor.org/stor/19296e91-a7d7-4563-bf18-804466bc578e_size1,cropsey,Ac
4036,Jasper Cropsey,Landscape (Hastings-on-Hudson),1888,https://stor.artstor.org/stor/8a6566f4-88e3-4ac2-ac8b-9fd13ba21d06_size1,cropsey,Ac
4037,Jasper Cropsey,Gray Day on the Esopus,1882,https://stor.artstor.org/stor/1a7c08ac-25a6-468b-b4b4-c8604e215a26_size1,cropsey,Ac
4038,Jasper Cropsey,Landscape (from Cropsey Album),1849,https://stor.artstor.org/stor/4936815c-2a88-42b2-b5f2-cbf0641b4577_size1,cropsey,Ns
4047,Jasper Cropsey,"Torre dei Schiavi, The Roman Campagna (from Cropsey Album)",1853,https://stor.artstor.org/stor/6524bbbd-2f02-4068-936f-19599fbfb3d3_size1,cropsey,Ns
4056,Jasper Cropsey,"The Old Homestead, Wyoming Valley",1865,https://stor.artstor.org/stor/7211b11c-0177-4e66-a091-770c86fd7221_size1,cropsey,As
4057,Jasper Cropsey,Under the Palisades,1891,https://stor.artstor.org/stor/fbf52988-f070-40e6-956b-3e5654552d2f_size1,cropsey,Cc
4059,Jasper Cropsey,Trees and a Stream on a Hillside,1853,https://stor.artstor.org/stor/b32a0c93-05e4-4d9c-a2e0-28bfb9b0556a_size1,cropsey,Cs
4060,Jasper Cropsey,A Blasted Tree,1851,https://stor.artstor.org/stor/90690b03-abea-47e4-b0a6-9a7397a282c8_size1,cropsey,Ac
4070,Jasper Cropsey,Harvest scene,1855,https://mdxdv.artstor.org/thumb/imgstor/size1/sslps/ucb/20312623.jpg,cropsey,Ns
4071,Jasper Cropsey,Autumn - On the Hudson,1860,https://mdxdv.artstor.org/thumb/imgstor/size1/sslps/ucb/20303595.jpg,cropsey,Ac
4088,Jasper Cropsey,"View near Sherburne, Chenango County, New York",1853,https://stor.artstor.org/stor/973482e6-45cd-46af-a8b9-e47f04ef22dd_size1,cropsey,Ns
4089,Jasper Cropsey,"Pompton Plains, New Jersey",1867,https://stor.artstor.org/stor/9a12ddbb-cb23-4425-8126-85d45a0d0e3a_size1,cropsey,As
4090,Jasper Cropsey,Tintern Abbey on the Wye,1849,https://stor.artstor.org/stor/012c509c-1235-4b79-9404-8bde36503ecd_size1,cropsey,As
4091,Jasper Cropsey,Passing Shower on the Hudson,1885,https://stor.artstor.org/stor/f8fced79-2fc7-4fb1-8af0-ae19500ba876_size1,cropsey,Ns
4092,Jasper Cropsey,The Narrows from Staten Island,1868,https://stor.artstor.org/stor/020fbb63-29bf-4f3e-bd65-5a26f5a94d72_size1,cropsey,St
4093,Jasper Cropsey,"Sugar Loaf and Wickham Pond, Warwick, New York",1867,https://stor.artstor.org/stor/3c734c04-ae8c-4a6c-af47-b617a1f86284_size1,cropsey,St
4094,Jasper Cropsey,Autumn on Greenwood Lake,1861,https://stor.artstor.org/stor/2f00ad51-397c-4fc0-b140-5a3cd5877d2c_size1,cropsey,Ac
4095,Jasper Cropsey,American Harvesting,1851,https://stor.artstor.org/stor/3c862b11-69e1-49af-a747-4f8520974a96_size1,cropsey,Ns
4096,Jasper Cropsey,Starrucca Viaduct,1865,https://stor.artstor.org/stor/af0da41e-8758-4096-b7e0-d042133ba2ec_size1,cropsey,As
4101,Thomas Cole,New England Scenery,1839,https://stor.artstor.org/stor/7efe4ec8-866d-4e4f-a77a-852f626aca00_size1,cole,As
4102,Thomas Cole,"Landscape with Figures: A Scene from ""The Last of the Mohicans""",1826,https://mdxdv.artstor.org/thumb/imgstor/size1/sslps/c35953/18106839.jpg,cole,Ac
4116,Thomas Cole,The Course of Empire: The Arcadian or Pastoral State,1834,https://stor.artstor.org/stor/0751ab8b-27a0-4aef-a6eb-e18e127ccc0c_size1,cole,Sc
4117,Thomas Cole,Course of empire: destruction,1836,https://stor.artstor.org/stor/101dce12-5882-43d3-a793-b022b82fe6ea_size1,cole,Ac
4262,Thomas Cole,The Lonely Cross,1845,https://stor.artstor.org/stor/0380c2d7-233a-429d-9c01-542c74dab406_size1,cole,Cs
4275,Thomas Cole,Sketchbook,1839,https://stor.artstor.org/stor/f09b9c08-92f3-4e4b-89e0-2ea523e2539d_size1,cole,Ns
4276,Thomas Cole,The Garden of Eden,1828,https://stor.artstor.org/stor/ddd65276-c5ec-4143-b2db-5e705c9958d0_size1,cole,Sc
4277,Thomas Cole,Landscape (Moonlight),1833,https://stor.artstor.org/stor/d6e3d9e1-9a38-403f-a6f2-1b2d9ea5a957_size1,cole,Ac
4282,Thomas Cole,The Hunter's Return,1845,https://stor.artstor.org/stor/c034c0a4-c81a-4f8e-8523-bc9a63923da0_size1,cole,Ac
4283,Thomas Cole,Sunset in the Catskills,1841,https://stor.artstor.org/stor/8575431b-2823-4f4d-b223-ed4ff5e53422_size1,cole,Cs
4284,Thomas Cole,The Course of Empire--The Savage State,1834,https://stor.artstor.org/stor/d80ee014-0007-4d2e-9843-3ffc3c567aad_size1,cole,As
4285,Thomas Cole,"Catskill Creek, New York",1845,https://stor.artstor.org/stor/dffe5cbd-6fb1-42f7-b7c9-76029cdf3d89_size1,cole,Sc
4286,Thomas Cole,River in the Catskills,1843,https://stor.artstor.org/stor/36095280-e74f-4e37-863e-3de5cf067d9a_size1,cole,Sc
4287,Thomas Cole,View near the Village of Catskill,1827,https://stor.artstor.org/stor/9e8ff138-c9ac-43cd-b6ed-9d314517f1c9_size1,cole,Sc
4324,Thomas Cole,Sunrise in the Catskills,1826,https://stor.artstor.org/stor/f403586f-2492-40bf-85e9-6103d22737ab_size1,cole,Sc
4325,Thomas Cole,Italian Coast Scene with Ruined Tower,1838,https://stor.artstor.org/stor/a9338e6e-25b7-444f-83e7-56798e3ef5d4_size1,cole,Sc
4326,Thomas Cole,"Autumn Twilight, View of Corway Peak [Mount Chocorua], New Hampshire",1834,https://stor.artstor.org/stor/288141bf-9262-49b4-adb6-fbb4a786d453_size1,cole,Sc
4327,Thomas Cole,View on the Catskill-Early Autumn,1836,https://stor.artstor.org/stor/e8048dd4-cd9c-437a-b9c0-2c46e2e14826_size1,cole,St
4328,Thomas Cole,"Study for ""Catskill Creek""",1844,https://stor.artstor.org/stor/d8fa8259-b443-4597-a038-bc5c8b158c81_size1,cole,As
4333,Thomas Cole,Kaaterskill Falls,1826,https://stor.artstor.org/stor/fc3d8a8b-7bd2-492a-8bb3-dc38ff683cf8_size1,cole,Ac
4334,Thomas Cole,Voyage of life: youth,1842,https://stor.artstor.org/stor/5a8ac911-1b18-4a87-bc0f-d94c03572cea_size1,cole,Sc
4351,Thomas Cole,Mountain landscape with waterfall,1847,https://stor.artstor.org/stor/0ff8818a-99f5-4c11-938e-01f41449e6d5_size1,cole,As
4361,Thomas Cole,Voyage of life: manhood,1842,https://stor.artstor.org/stor/7f7d1398-b4dc-418e-98ca-5daeb96bd61d_size1,cole,Cc
4362,Thomas Cole,The Architect's dream,1840,https://stor.artstor.org/stor/e5a6a28c-cf70-4485-b269-eb071879d30a_size1,cole,Sc
4363,Thomas Cole,Voyage of life: childhood,1842,https://stor.artstor.org/stor/f58ecd87-ad57-4924-adba-863b669550c5_size1,cole,St
4364,Thomas Cole,Voyage of life: old age,1842,https://stor.artstor.org/stor/0d556b2d-af8e-4f55-9bde-f1bf89187843_size1,cole,Ns
4369,Thomas Cole,Study for Trees,1825,https://stor.artstor.org/stor/4dd802d5-87cc-4754-a7e9-70274ddf81f7_size1,cole,St
4392,Thomas Cole,The Fountain of Vaucluse,1841,https://stor.artstor.org/stor/9a8a4c98-fd6e-45ae-88f5-f2496710ce14_size1,cole,Cb
4393,Thomas Cole,"View from Mount Holyoke, Northampton, Massachusetts, after a Thunderstorm—The Oxbow",1836,https://stor.artstor.org/stor/e6969c57-35d1-422a-9b1b-3aca5a549928_size1,cole,Ns
4420,Thomas Cole,"Summer Twilight, A Recollection of a Scene in New England",1834,https://stor.artstor.org/stor/58acf3d4-4d7b-46bd-b68e-b7ef612def8d_size1,cole,St
4421,Thomas Cole,A View of the Mountain Pass Called the Notch of the White Mountains (Crawford Notch),1839,https://stor.artstor.org/stor/ae59536e-23a4-4d52-9ad0-1b8bd278c9a0_size1,cole,Cu
4422,Thomas Cole,American Lake Scene,1844,https://stor.artstor.org/stor/d04e0682-c17b-4910-b049-8a42bc1594f3_size1,cole,Ns
4427,Thomas Cole,The Mountain Ford,1846,https://stor.artstor.org/stor/12c850f6-92e2-47af-a9ef-cbfe62760a07_size1,cole,Cu
4428,Thomas Cole,Landscape (Landscape with Tree Trunks),1828,https://stor.artstor.org/stor/038dcc5b-af94-4097-8bff-73e922dfe06a_size1,cole,St
4433,Thomas Cole,Catskill Scenery,1833,https://stor.artstor.org/stor/52f1b6e5-6561-426c-8e12-00f3ba9c7b98_size1,cole,Ac
4434,Thomas Cole,"On Catskill Creek, Sunset",1845,https://stor.artstor.org/stor/8df9c310-bb7c-4614-93a1-dcb5f2b4b760_size1,cole,As
4435,Thomas Cole,"The Vale and Temple of Segestae, Sicily",1844,https://stor.artstor.org/stor/6741b9c7-9b14-4cb2-8756-91fb848821a4_size1,cole,Ac
4436,Thomas Cole,North Mountain and Catskill Creek,1838,https://stor.artstor.org/stor/9568a313-2897-41a6-b5eb-075a06cc4e6b_size1,cole,Ac
4437,Thomas Cole,The Subsiding of the Waters of the Deluge,1829,https://stor.artstor.org/stor/d9569332-60db-4c09-a563-97f09fc7ca43_size1,cole,As
4438,Thomas Cole,Panorama of the Oxbow on the Connecticut River as seen from Mount Holyoke,1832,https://stor.artstor.org/stor/57caf586-20e7-4069-8efb-dc94a23e1e98_size1,cole,Ac
4439,Thomas Cole,A Wild Scene,1831,https://stor.artstor.org/stor/b2157166-7b4e-4974-9788-d1e0b891316d_size1,cole,Ac
4440,Thomas Cole,View on the Catskill?Early Autumn,1836,https://stor.artstor.org/stor/cae2f155-b807-4b23-af2d-cf0cef4f0770_size1,cole,Sc
4441,Thomas Cole,Salvator Rosa Sketching Banditti,1832,https://stor.artstor.org/stor/253ab4f6-480c-4e2b-aa21-7c87447cc612_size1,cole,Ns
4442,Thomas Cole,Mountain Landscape [verso],1828,https://stor.artstor.org/stor/be782c7b-9180-42e0-9da3-ce03f5eed565_size1,cole,St
4443,Thomas Cole,Il Penseroso,1845,https://stor.artstor.org/stor/b546b26f-d3fd-405d-a789-33417954821f_size1,cole,Sc
4444,Thomas Cole,L'Allegro,1845,https://stor.artstor.org/stor/0650bb36-a740-417d-ab7e-a39cf6c07307_size1,cole,Ns
4445,Thomas Cole,An Italian Autumn,1844,https://stor.artstor.org/stor/55fef571-a86c-4e34-9c28-8b0d1b81e8b7_size1,cole,St
4446,Thomas Cole,"View near Lentini, Sicily",1842,https://stor.artstor.org/stor/716853de-5fd4-4e63-a0fc-25c4ab1cef0b_size1,cole,Ns
4451,Thomas Cole,Old Mill at Sunset,1844,https://stor.artstor.org/stor/b2cf820d-a21f-4d98-9a6b-9a077b985bef_size1,cole,Cs
4452,Thomas Cole,Last of the Mohicans,1827,https://stor.artstor.org/stor/b131bde6-d9d6-4701-95d5-8611ff62e571_size1,cole,Ns
4453,Thomas Cole,River In the Catskills,1843,https://stor.artstor.org/stor/83f2a9b4-46e9-426e-b987-b20b5c7920bb_size1,cole,Ns
4454,Thomas Cole,Daniel Boone and his Cabin on the Great Osage Lake,1826,https://stor.artstor.org/stor/b0dddc6c-417d-45fc-ba25-a9f8613e842a_size1,cole,Ns
4459,Thomas Cole,Mountain Scenery,1827,https://stor.artstor.org/stor/1a20755f-6824-4990-b6ed-828dcd022caf_size1,cole,Ac
4464,Thomas Cole,Tornado in an American Forest,1831,https://stor.artstor.org/stor/af39720e-9951-4b54-a7e6-fdaeed50b9f5_size1,cole,Ns
4465,Thomas Cole,"Landscape with Waterfalls, Folio 10 in the John Ludlow Morton Album",1827,https://stor.artstor.org/stor/35ed6056-f4c7-49b8-b571-5d3b8df06f60_size1,cole,Ac
4466,Thomas Cole,"Sunset, View on the Catskill",1833,https://stor.artstor.org/stor/818710f4-fe00-4aef-8a0f-7f70e5ed0189_size1,cole,Cs
4467,Thomas Cole,Genesee Scenery (Mountain Landscape with Waterfall),1847,https://stor.artstor.org/stor/a47dde28-e330-4311-80c8-8e081a14bc37_size1,cole,As
4468,Thomas Cole,Angels Ministering to Christ in the Wilderness,1843,https://stor.artstor.org/stor/b422b54b-26ab-4b20-8424-fe9feadaf99c_size1,cole,Ns
4469,Thomas Cole,"Temples of Juno, Lucina, and Concordia - Agrigentum, Sicily",1842,https://stor.artstor.org/stor/ace1ce10-f678-4534-af55-4ec03e84f00e_size1,cole,Ac
4470,Thomas Cole,The Cross in the Wilderness,1844,https://stor.artstor.org/stor/47ff73b3-1e91-40df-8667-c227965600d5_size1,cole,Cu
4471,Thomas Cole,Narcissus [recto],1828,https://stor.artstor.org/stor/47b6a08c-df22-4cd6-aceb-3ceb26e8e74b_size1,cole,Ns
4472,Thomas Cole,Sketch for Ohio State Capitol Design,1838,https://stor.artstor.org/stor/e5a20c5e-defe-4e8a-9452-b53cf61f66b8_size1,cole,Sc
4473,Thomas Cole,On the Road from Conway,1827,https://stor.artstor.org/stor/ac3495bf-cf21-4d29-8f1f-4ac6a1480aa0_size1,cole,Cc
4478,Thomas Cole,"The Voyage of Life, II, Youth",1849,https://stor.artstor.org/stor/cb777a6e-edaa-494a-bb38-f940b467e479_size1,cole,Ns
4479,Thomas Cole,The Temple of Segesta with the Artist Sketching,1842,https://stor.artstor.org/stor/8a8b9bd6-7837-4f05-8b87-500e09612b9e_size1,cole,Ac
4480,Thomas Cole,Notch of the White Mountains,1839,https://stor.artstor.org/stor/d47ab434-a12a-4368-bb4d-6eed948f5d68_size1,cole,As
4481,Thomas Cole,Monte Video,1828,https://stor.artstor.org/stor/76aaca40-ba67-4ee4-852b-078ad525586e_size1,cole,Ns
4486,Thomas Cole,Dead Abel,1832,https://stor.artstor.org/stor/45bff2fa-7de2-4b41-94ea-13b5417259b1_size1,cole,Ns
4487,Thomas Cole,Autumn Landscape Mount Chocorua,1827,https://stor.artstor.org/stor/ad1426de-9759-4df3-b688-b410819413c1_size1,cole,Ci
4488,Thomas Cole,View Near Catskills,1828,https://stor.artstor.org/stor/e7a69748-4943-4724-9d80-0c4ec8a33004_size1,cole,Ac
4489,Thomas Cole,Pic-Nic,1846,https://stor.artstor.org/stor/5ecd613c-eca3-4808-ad23-ac9d8537602e_size1,cole,Cc
4490,Thomas Cole,Sketch of Tree Trunks,1825,https://stor.artstor.org/stor/8741b895-e3b3-40d2-9324-d2b2209e618a_size1,cole,Ac
4491,Thomas Cole,The Pilgrim of the World at the End of His Journey,1847,https://stor.artstor.org/stor/7e89a562-9d20-4487-a9a3-b1a3038ca08e_size1,cole,Sc
4492,Thomas Cole,"Study for ""Dream of Arcadia""",1838,https://stor.artstor.org/stor/64f0ca7b-2d3d-461f-8145-ea1fe14af190_size1,cole,Ns
4493,Thomas Cole,Study of Tree Trunks; verso: Sketch of Leaves and Tree Branches,1823,https://stor.artstor.org/stor/a87f855d-ef72-4e70-9949-1872aa458f0c_size1,cole,Ns
4494,Thomas Cole,Double Waterfall-Kaaterskill Falls,1826,https://stor.artstor.org/stor/2c18acc8-63db-4f33-8cbe-8c4979d80035_size1,cole,Ns
4500,Thomas Cole,"Temple of Juno, Agrigentum",1842,https://stor.artstor.org/stor/e30f35e9-290b-4490-bde1-a1555bf17c19_size1,cole,Ns
4501,Thomas Cole,Peace at Sunset (Evening in the White Moutains),1827,https://stor.artstor.org/stor/e43daa34-0ea7-4b48-ae1a-b178caeef189_size1,cole,Sc
4502,Thomas Cole,Falls at Catskill,1828,https://stor.artstor.org/stor/e47ce0b0-85e6-4693-8470-b01d62db4b05_size1,cole,Cc
4503,Thomas Cole,Tall Rugged Cliff and Tree Tops,1846,https://stor.artstor.org/stor/042af8e6-5240-44ee-b6c9-a075fd17807c_size1,cole,Ns
4504,Thomas Cole,The Colosseum,1832,https://stor.artstor.org/stor/5fd99b4a-fc42-4252-aac0-c6b76e1bd8df_size1,cole,Ns
4505,Thomas Cole,Wooded Landscape with Figures,1837,https://stor.artstor.org/stor/4cff698c-4c8a-4e9c-8a5a-de250c7c8241_size1,cole,Ac
4506,Thomas Cole,"(Untitled, landscape with building fragment)",1831,https://stor.artstor.org/stor/aab78d35-c7ef-478d-aa66-0756be016c66_size1,cole,St
4507,Thomas Cole,Landscape with Boats,1828,https://stor.artstor.org/stor/95df1880-b323-4115-9011-1b86134ba176_size1,cole,St
4508,Thomas Cole,"(Untitled, landscape with mountains)",1831,https://stor.artstor.org/stor/f3309fc0-d299-48fa-b221-5e8bb54c7a32_size1,cole,Ns
4509,Thomas Cole,Industry and Idleness [after Hogarth's The Industrious 'Prentice Performing the Duty of a Christian],1807,https://stor.artstor.org/stor/1796062f-1599-4fa4-ad98-b89253bee83a_size1,cole,Cc
4510,Thomas Cole,"The Pilgrim of the Cross at the End of His Journey (study for series, The Cross and theWorld)",1846,https://stor.artstor.org/stor/e66c6ee7-edda-41a7-a4ef-2acfa8b9a663_size1,cole,As
4511,Thomas Cole,Baia Looking South,1832,https://stor.artstor.org/stor/4384ee61-cd15-4c22-a1a9-7688856997d1_size1,cole,Ac
4512,Thomas Cole,"(Untitled, inside page of cover for sketchbook)",1832,https://stor.artstor.org/stor/dad9978b-45eb-410b-b920-cd9452c650a0_size1,cole,Cs
4513,Thomas Cole,Rocks,1842,https://stor.artstor.org/stor/ed84ed7d-03fa-4a43-a884-16599b8d6ec0_size1,cole,Ns
4515,Thomas Cole,"Newstead Abbey, Nottinghamshire, England",1830,https://stor.artstor.org/stor/b7dd0f9a-01ba-4709-ba43-3a17669e86c6_size1,cole,Ac
4516,Thomas Cole,House in Mount Desert,1842,https://stor.artstor.org/stor/c88c8ee2-fa00-4ceb-acb5-72dd6b022c6d_size1,cole,Ns
4517,Thomas Cole,"Effect for Newstead Abbey, Nottinghamshire, England",1830,https://stor.artstor.org/stor/b8f03eaa-a887-4bc6-8653-f72dbca5ca79_size1,cole,Ns
4520,Thomas Cole,The oxbow (the Connecticut River near Northampton),1846,https://stor.artstor.org/stor/ecc34e2e-10e2-4e8f-9bb0-a9b3c15908c6_size1,cole,Ns
4521,Thomas Cole,In the Catskills,1837,https://stor.artstor.org/stor/470c58d8-b032-41ce-9687-7a22585d7938_size1,cole,Sc
4525,Thomas Cole,Expulsion: Moon and Firelight,1827,https://stor.artstor.org/stor/b5bc9b89-95b1-4c9b-bbe1-b706ae0b3c70_size1,cole,Ac
4526,Thomas Cole,Tempest,1826,https://stor.artstor.org/stor/49763a27-8581-4d2f-bff5-74c6c50f4ae1_size1,cole,Ns
4527,Thomas Cole,The Catskill Mountains,1833,https://stor.artstor.org/stor/1f6bc750-73e2-496f-823f-d870e1155c4f_size1,cole,St
4528,Thomas Cole,"Clove, Catskills",1827,https://stor.artstor.org/stor/e5092e01-5426-403d-92ca-61f5a77d174e_size1,cole,Ac
4529,Thomas Cole,Mountain Ford,1846,https://stor.artstor.org/stor/7af5e16c-1ce7-4d42-b9e8-a88dc8783d03_size1,cole,Cu
4530,Thomas Cole,Course of Empire: Destruction: sketch,1834,https://stor.artstor.org/stor/4135134f-cf9b-48c3-84ee-3b061b2f04cf_size1,cole,Ac
4531,Thomas Cole,Schroon Mountains,1833,https://stor.artstor.org/stor/a91b9308-6452-4398-a030-c2640776c01f_size1,cole,As
4532,Thomas Cole,White Pine,1827,https://stor.artstor.org/stor/d1327bb8-63dd-45ac-b725-3d7bbec80420_size1,cole,St
4533,Thomas Cole,Pastoral Landscape with Fisherman,1826,https://stor.artstor.org/stor/3e385f0f-9fe4-4345-ab6e-f22a87b74cee_size1,cole,St
4559,Thomas Cole,View Near Tivoli (Morning),1832,https://stor.artstor.org/stor/e26189f5-676e-4afb-b04f-5a12c29ada1a_size1,cole,St
4560,Thomas Cole,"Near Conway, New Hampshire",1828,https://stor.artstor.org/stor/386d7d5d-11c7-4f40-a76a-7e27caae58fb_size1,cole,Cc
4561,Thomas Cole,Study of Rocks and Cliffs,1828,https://stor.artstor.org/stor/2a4d9c80-d7b7-4a92-9a6d-86dad95eaa85_size1,cole,Ci
4562,Thomas Cole,Interior of the Colosseum,1832,https://stor.artstor.org/stor/1117cbbf-36ba-4954-8d86-d6cefe9087f8_size1,cole,Sc
4563,Thomas Cole,Pilgrim of the Cross,1847,https://stor.artstor.org/stor/08cfda0c-e5de-42be-b503-de7380ea9685_size1,cole,Ac
4564,Thomas Cole,Gothic Ruins at Sunset,1844,https://stor.artstor.org/stor/44967562-9b33-481c-86f3-78b14b7effba_size1,cole,As
4565,Thomas Cole,View in the White Mountains,1828,https://stor.artstor.org/stor/a1a23597-4ac0-4fff-a8f0-417c6f0c7ece_size1,cole,Cb
4566,Thomas Cole,View of the Arno,1835,https://stor.artstor.org/stor/9067a5b4-3b3e-4a01-b512-2bbab9261680_size1,cole,Ns
4567,Thomas Cole,Present,1838,https://stor.artstor.org/stor/dce92fe8-6b60-4b36-84a6-1fd7bc4abe43_size1,cole,Ns
4568,Thomas Cole,Past,1838,https://stor.artstor.org/stor/af67ec17-8dbb-46e7-a195-555d09e496e0_size1,cole,Ns
4569,Thomas Cole,"View of Two Lakes, Catskills",1844,https://stor.artstor.org/stor/e41b1385-d1c7-40ce-8c90-70a39821f6b0_size1,cole,Sc
4570,Thomas Cole,Cross and the World,1848,https://stor.artstor.org/stor/d25a3b39-fc00-4c87-a281-6cec905bc499_size1,cole,Sc
4571,Thomas Cole,Catania and Mount Etna,1842,https://stor.artstor.org/stor/48efba6d-1c88-4cfb-aa20-7210e687f064_size1,cole,Ac
4572,Thomas Cole,Scene from Rip Van Winkle,1825,https://stor.artstor.org/stor/7a4b2f54-d145-4bb7-8a97-76363a4fe6f8_size1,cole,Ac
4573,Thomas Cole,Devil Throwing Monk from Precipice,1828,https://stor.artstor.org/stor/df60dbe4-b927-4f84-8404-d37dc828b6ac_size1,cole,As
4574,Thomas Cole,Tree Study: Young Hickory,1823,https://stor.artstor.org/stor/e271e7de-ea9b-4e20-822c-bef7f811c812_size1,cole,Ac
4575,Thomas Cole,Landscape with Rocks,1827,https://stor.artstor.org/stor/c3499bbc-ac1b-4db6-a8bf-7cef5bca6e20_size1,cole,Ns
4576,Thomas Cole,Cross and the World: The Pilgrim of the Cross at the End of His Journey,1846,https://stor.artstor.org/stor/57c1f960-d778-4cb2-b0ff-a90b4d7ccecd_size1,cole,Ns
4577,Thomas Cole,Fill Here,1992,https://stor.artstor.org/stor/491a7bf1-92d3-4d5a-9b88-29cbb87d667a_size1,cole,Ac
4578,Thomas Cole,Expulsion from the Garden of Eden: sketch,1827,https://stor.artstor.org/stor/8bb58518-9d58-4839-8c6c-89c9b3126272_size1,cole,Cc
4579,Thomas Cole,Long Dock or Catskill Landing in Hudson River,1847,https://stor.artstor.org/stor/8789b234-4aed-4710-9739-617ececa3cc3_size1,cole,Cc
4580,Thomas Cole,Mountain Sunrise,1827,https://stor.artstor.org/stor/675956fd-30e1-4e16-b0fa-d2a3cb80cdcc_size1,cole,Ns
4581,Thomas Cole,Compositional Study for the Voyage of Life: Manhood,1840,https://stor.artstor.org/stor/a93b2914-5e7e-4166-bd2b-559e3481e0d0_size1,cole,As
4582,Thomas Cole,Cross and the World: The Pilgrim of the World on his Journey,1846,https://stor.artstor.org/stor/bdb5dc79-db53-46fa-b01a-0e4899857493_size1,cole,Ns
4583,Thomas Cole,"Palenville, Clove Valley, Catskill Mountains",1835,https://stor.artstor.org/stor/12802db9-a4e9-4976-a72c-88b2a914ad1e_size1,cole,Ns
4584,Thomas Cole,Italian Landscape,1839,https://stor.artstor.org/stor/88ca3760-0795-40bc-89c2-ba240919539a_size1,cole,As
4585,Thomas Cole,Long Lake,1846,https://stor.artstor.org/stor/58f90aef-5bd3-4e97-a520-ac6f8abcd4f8_size1,cole,Ns
4586,Thomas Cole,Long Dock of Catskill Landing in Hudson River,1847,https://stor.artstor.org/stor/beed3d58-345c-4b45-a088-3e8cea3f9225_size1,cole,Ns
4587,Thomas Cole,View Near Tamworth New Hampshire and View in White Mountains,1827,https://stor.artstor.org/stor/1b45b8d2-9463-4fa9-879a-07c42956eeaf_size1,cole,Ac
4588,Thomas Cole,Daniel Boone and his Cabin at Great Osage Lake,1826,https://stor.artstor.org/stor/c5832503-2277-4b05-9ee5-b3d0c5b86651_size1,cole,Ns
4589,Thomas Cole,Pilgrims of the Cross at the End of his Journey (Study for series The Cross & the World),1844,https://stor.artstor.org/stor/643b963d-d13f-4c3a-adde-a4766dcfc9a9_size1,cole,As
4590,Thomas Cole,View on the Catskill—Early Autumn,1836,https://stor.artstor.org/stor/81b2a98b-11c6-4169-9acf-212215563b9d_size1,cole,Ns
4591,Thomas Cole,A View near Tivoli (Morning),1832,https://stor.artstor.org/stor/357a339f-3630-4b1f-ba0b-8036344838f1_size1,cole,Sc
4592,Thomas Cole,"View on the Arno, near Florence",1837,https://stor.artstor.org/stor/f05caacd-b61a-4f3e-b4fd-1b9b641fca90_size1,cole,Ac
4593,Thomas Cole,The Course of Empire: The Pastoral or Arcadian State,1834,https://mdxdv.artstor.org/thumb/imgstor/size1/sslps/ucb/20286789.jpg,cole,Sc
4603,Thomas Cole,The Course of Empire:  The Savage State,1836,https://stor.artstor.org/stor/9e269f4e-a41b-4534-a5ee-112f9714c181_size1,cole,Sc
4604,Thomas Cole,"""Dream of Arcadia""",1838,https://mdxdv.artstor.org/thumb/imgstor/size1/sslps/ucb/1536551.jpg,cole,Ac
4614,Thomas Cole,Notch in the White Mountains from above with the Notch House (Crawford Notch),1839,https://mdxdv.artstor.org/thumb/imgstor/size1/sslps/ucb/20293009.jpg,cole,Cc
4615,Thomas Cole,Voyage of Life-Youth,1849,https://stor.artstor.org/stor/f85c7189-9f2b-41f1-984f-f2eefe41f9e5_size1,cole,Ns
4616,Thomas Cole,Sketch box used by the artist,1840,https://mdxdv.artstor.org/thumb/imgstor/size1/sslps/ucb/1536550.jpg,cole,Ac
4634,Thomas Cole,Hunter's Return,1845,https://mdxdv.artstor.org/thumb/imgstor/size1/sslps/ucb/20304671.jpg,cole,Ac
4636,Thomas Cole,The Voyage of Life - Youth,1855,https://mdxdv.artstor.org/thumb/imgstor/size1/sslps/c35953/9891156.jpg,cole,Ns
4637,Thomas Cole,"The Oxbow (The Connecticut River near Northhampton, Massachusetts)",1836,https://stor.artstor.org/stor/59262f7d-aec0-4a9a-8aa9-fe3d33e1c358_size1,cole,Sc
4638,Thomas Cole,Oxbow,1846,https://stor.artstor.org/stor/18e1da80-29ed-4f50-a80a-85d19d184638_size1,cole,Ns
4648,Thomas Cole,Romantic Landscape (Mountains and Lake),1826,https://stor.artstor.org/stor/cf82e5e4-091c-4409-95fd-c43b69028a0e_size1,cole,As
4649,Thomas Cole,Battle Piece,1824,https://stor.artstor.org/stor/7b22ab1e-43be-4ce2-a24e-ac5fc1f6c46c_size1,cole,As
4659,Thomas Cole,Oxbow Connecticut River near Northampton,1836,https://stor.artstor.org/stor/0c5368e7-f245-4e5b-ac3c-7526dd3bef3c_size1,cole,Sc
4660,Thomas Cole,Tornado,1833,https://stor.artstor.org/stor/fddb9e45-7c4c-4ee7-9821-0d180e96a959_size1,cole,Ns
4662,Thomas Cole,Indian Pass,1847,https://stor.artstor.org/stor/f7bcaa43-1d96-4780-a6be-457b72ca2317_size1,cole,Ac
4663,Thomas Cole,The Voyage of Life - Old Age,1855,https://mdxdv.artstor.org/thumb/imgstor/size1/sslps/c35953/9891085.jpg,cole,Ns
4664,Thomas Cole,Genevieve,1838,https://stor.artstor.org/stor/fcc39cb2-22ab-4c1f-b53d-e2360d8309e4_size1,cole,St
4665,Thomas Cole,"Law Sakes Alive! What are you doing, Baby?",1872,https://stor.artstor.org/stor/d6f2dda8-493d-42b4-9cae-1d88bb41e79e_size1,cole,Ac
4675,Thomas Cole,Andrea Palladio's Architecture in Four Books,1735,https://stor.artstor.org/stor/88552647-dba9-4f59-ac8d-912f3c7dc571_size1,cole,As
4676,Thomas Cole,Shoemaker's Lunch,1949,https://stor.artstor.org/stor/54ae9836-29fc-465b-aae4-5b16da1c0bdd_size1,cole,Sc
4677,Thomas Cole,The Architect's Dream,1840,https://stor.artstor.org/stor/c0e25d7a-8384-49bc-ab87-8c376ec1e1ed_size1,cole,Ci
4678,Thomas Cole,The Calmady Children,1926,https://stor.artstor.org/stor/9d9752eb-ecb3-4a88-bb7b-fc9cda8b99aa_size1,cole,Ac
4679,Thomas Cole,"""The Land Below"" Necklace",2012,https://stor.artstor.org/stor/fb4e2634-e69c-4667-89f1-2d7b11ff75e9_size1,cole,Ns
4680,Thomas Cole,Architect's Dream,1840,https://stor.artstor.org/stor/c42671a6-0a0e-43d2-a6db-ef7615e1881c_size1,cole,Ac
4681,Thomas Cole,Landscape with Tree Trunks,1827,https://stor.artstor.org/stor/e8f85c04-dc11-4c47-a7dd-18449ec11486_size1,cole,St
4682,Thomas Cole,Expulsion from Eden,1823,https://stor.artstor.org/stor/a99f4cd6-d45a-4ad3-b60b-fd43d60f37c0_size1,cole,Ns
4683,Thomas Cole,Catskill Mountains,1833,https://stor.artstor.org/stor/623667d8-6992-49ab-9b17-0a29e745206b_size1,cole,Ac
4684,Thomas Cole,Return,1837,https://stor.artstor.org/stor/4b00d039-5172-4979-a848-d65fd9cfd6b9_size1,cole,Ac
4685,Thomas Cole,Departure,1837,https://stor.artstor.org/stor/e4bea830-793a-4352-bd07-fda10e2dd8e7_size1,cole,St
4686,Thomas Cole,Genesee Scenery,1847,https://stor.artstor.org/stor/c416e2ee-71f7-41e6-bf18-b192ecab51a1_size1,cole,Ns
4687,Thomas Cole,Titan's Goblet,1833,https://stor.artstor.org/stor/abf124be-996d-4422-805e-8d8aa7de653c_size1,cole,Ac
4692,Thomas Moran,Grand Canyon of the Colorado River,1892,https://stor.artstor.org/stor/8402c259-34cc-4d02-a60d-ec6813e800b2_size1,moran,Sc
4702,Thomas Moran,"Cliffs, Green River, Wyoming",1872,https://stor.artstor.org/stor/30f110e4-87c0-4eee-ae42-7251a7f50e96_size1,moran,Cc
4703,Thomas Moran,"Above Tower Falls, Yellowstone",1872,https://stor.artstor.org/stor/93e3174d-0197-4893-bb0d-f58f10849c94_size1,moran,Cb
4704,Thomas Moran,"Grand Canyon of the Yellowstone, Wyoming",1906,https://stor.artstor.org/stor/5a2dc6cb-c9e0-4c4b-9c2b-e18da425c93f_size1,moran,St
4705,Thomas Moran,Rainbow over the Grand Canyon of the Yellowstone,1900,https://stor.artstor.org/stor/66d88adf-0479-4898-b717-3eb025acfa55_size1,moran,As
4706,Thomas Moran,Mountain of the Holy Cross,1890,https://stor.artstor.org/stor/b04e3656-7e9c-4864-808f-b80f92ac1b76_size1,moran,Ac
4707,Thomas Moran,Grand Canyon of Arizona from Hermit Rim Road,1912,https://stor.artstor.org/stor/a18fd817-9bed-4f6d-b38c-29628054e1b4_size1,moran,St
4708,Thomas Moran,"Beaver Head Canyon, Montana",1871,https://stor.artstor.org/stor/9ed84f75-506c-4354-ba8a-d01b6df4495c_size1,moran,Ac
4709,Thomas Moran,Mount Holy Cross,1888,https://stor.artstor.org/stor/6181d88b-b8a6-4862-baf5-819d849f738c_size1,moran,Ns
4710,Thomas Moran,"Excelsior Geyser, Yellowstone Park",1873,https://stor.artstor.org/stor/c428b2b5-237c-4543-b4a7-e5049113da67_size1,moran,Ac
4715,Thomas Moran,Hot Springs of the Yellowstone,1872,https://stor.artstor.org/stor/7b95302e-2658-4b6c-9a10-bef2a620151b_size1,moran,As
4716,Thomas Moran,"The Green River, Wyoming Territory",1886,https://stor.artstor.org/stor/9535c3b5-adcf-4df9-85f8-5f1b760a9655_size1,moran,St
4717,Thomas Moran,Venice from the Tower of San Giorgio,1900,https://stor.artstor.org/stor/e1be7b1d-37f0-4e91-867b-9741fcff91d1_size1,moran,St
4718,Thomas Moran,The canyon of the Yellowstone,1911,https://stor.artstor.org/stor/7a189163-81f0-4e0f-ae5e-ca141ed87e16_size1,moran,As
4719,Thomas Moran,"Mountain of the Holy Cross, Colorado",1888,https://stor.artstor.org/stor/e209737f-4957-4c4b-b192-61f2d3913a9f_size1,moran,Ns
4720,Thomas Moran,"Green River Cliffs, Wyoming",1881,https://stor.artstor.org/stor/3c4854d8-e534-4aeb-9a91-c2bcd3530c0f_size1,moran,Cb
4721,Thomas Moran,"An Indian Paradise (Green River, Wyoming)",1911,https://stor.artstor.org/stor/78d59dc1-d8bc-4573-b974-ca04a7c96f07_size1,moran,Sc
4726,Thomas Moran,The golden hour,1910,https://stor.artstor.org/stor/da689220-25f5-44aa-a5eb-e9293fbc9af6_size1,moran,St
4727,Thomas Moran,"Morning, Hook Pond, Easthampton",1886,https://stor.artstor.org/stor/d0c518dc-55a3-4bb1-915f-36eb0c297e29_size1,moran,St
4728,Thomas Moran,Long Island Landscape,1889,https://stor.artstor.org/stor/9634b63a-4e86-49c6-a5de-fa47b3c47d6c_size1,moran,Ac
4753,Thomas Moran,Storm at Sea,1906,https://stor.artstor.org/stor/2d0a40f9-0a8c-4fd1-bc5c-7bfb5f0c9ded_size1,moran,As
4754,Thomas Moran,"Mammoth Hot Springs, Yellowstone",1872,https://stor.artstor.org/stor/588eb2fb-5ecf-4fcb-878d-5ba239476d2f_size1,moran,Ci
4755,Thomas Moran,The Fisherman's Wedding Party,1892,https://stor.artstor.org/stor/4731c38a-4a36-4c1b-9327-f8f1b76be514_size1,moran,Cs
4756,Thomas Moran,"Grand Canyon, Utah",1874,https://stor.artstor.org/stor/f8fd13bd-6ed3-40ca-b1f8-e131076c232e_size1,moran,Ac
4770,Thomas Moran,New York from the Bay,1883,https://stor.artstor.org/stor/f9aa2483-7cef-4af2-ad6e-95cd0cfc8914_size1,moran,St
4775,Thomas Moran,Grand Canyon of the Yellowstone river,1893,https://stor.artstor.org/stor/aed019f3-991a-4be4-8bdb-6d7868200b76_size1,moran,As
4780,Thomas Moran,"Cliffs on the Upper Colorado River, Wyoming territory",1882,https://stor.artstor.org/stor/76a30dc8-5463-45bb-8370-cfece4123436_size1,moran,As
4781,Thomas Moran,Chasm of the Colorado,1873,https://stor.artstor.org/stor/344b4c76-5beb-44df-b24c-74ca6bf7ba57_size1,moran,Sc
4786,Thomas Moran,Indian village,1915,https://stor.artstor.org/stor/ec1e9079-cfdb-43e3-a524-6286c8313686_size1,moran,Cc
4787,Thomas Moran,Grand Canon and Lower Falls of the Yellowstone,1871,https://stor.artstor.org/stor/95627537-b4cb-4f3f-be47-2eaaef745ab6_size1,moran,Ac
4788,Thomas Moran,Moonlight Seascape,1892,https://stor.artstor.org/stor/3c40c1ab-706f-4ac9-ab49-1fb764212fe3_size1,moran,As
4789,Thomas Moran,A Scene on Tohickon Creek: Autumn 1868,1868,https://stor.artstor.org/stor/0be7e98a-566a-4856-87ca-324c9aa6bde0_size1,moran,Cc
4790,Thomas Moran,Flower Study (from Sketchbook),1905,https://stor.artstor.org/stor/a5b15154-d077-4209-9d4c-9aff4c8b6272_size1,moran,Ns
4791,Thomas Moran,Cliffs of Green River,1874,https://stor.artstor.org/stor/2dc2d219-2cf0-44ea-94b4-dcec178eca15_size1,moran,Cc
4792,Thomas Moran,The Much Resounding Sea,1884,https://stor.artstor.org/stor/c73289dd-97a6-41b5-88ff-f2c72040dfcf_size1,moran,St
4793,Thomas Moran,Autumn on the Wissahickon,1864,https://mdxdv.artstor.org/thumb/imgstor/size1/sslps/c35953/18126862.jpg,moran,Ac
4794,Thomas Moran,Venice,1894,https://stor.artstor.org/stor/0c20e11c-eede-47c0-8aea-0b93671824dc_size1,moran,Cc
4799,Thomas Moran,Basin of San MarcoBacino di San Marco,1897,https://stor.artstor.org/stor/514a34d1-ab12-4a45-8ca2-b54f674b61ba_size1,moran,Cs
4800,Thomas Moran,Bringing Home the Cattle - Coast of Florida,1879,https://stor.artstor.org/stor/3c54392e-51e8-4f9d-9349-c575d2275777_size1,moran,Ns
4801,Thomas Moran,Basin of San Marco,1897,https://stor.artstor.org/stor/1d78218c-9a88-4f47-a57f-bff2ee615239_size1,moran,Cs
4802,Thomas Moran,"Castle of San Juan de Ulua, Verz Cruz",1884,https://stor.artstor.org/stor/ea7d799c-fc4e-4d10-b5a4-45758c39e9b3_size1,moran,St
4807,Thomas Moran,Niagara - From the Canadian Side,1885,https://stor.artstor.org/stor/3d8fc986-77c3-4f21-9e42-badd1c7c934d_size1,moran,Ac
4808,Thomas Moran,"The Juniata, Evening",1864,https://stor.artstor.org/stor/f09b77cf-d9e6-46ec-96d9-f1a1ccbb5764_size1,moran,Sc
4809,Thomas Moran,The Empty Cradle,1880,https://stor.artstor.org/stor/0a026708-143c-4a35-88b4-803dca83fa6d_size1,moran,Cs
4810,Thomas Moran,"The Mountain of the Holy Cross, Colorado",1888,https://stor.artstor.org/stor/f01e922f-2379-4535-a58f-992b48244e1f_size1,moran,St
4811,Thomas Moran,Passaic Meadows (In the Newark Meadows),1880,https://stor.artstor.org/stor/9b4efc88-7418-46c1-90df-648a3389f659_size1,moran,St
4820,Thomas Moran,Grand Canon of the Yellowstone,1872,https://stor.artstor.org/stor/c17071ee-5805-419f-8fc6-4de92d8478f1_size1,moran,Ns
4825,Thomas Moran,Winter in the Rockies,1867,https://stor.artstor.org/stor/71156235-92f8-4e08-b3f8-4d48f1b5df0b_size1,moran,Ac
4826,Thomas Moran,Sunrise,1880,https://stor.artstor.org/stor/a5a7fb7d-02e4-42f4-a7c4-c4e0f9436afd_size1,moran,Ac
4827,Thomas Moran,"The Grand Canal, Venice",1899,https://stor.artstor.org/stor/84e42d92-18c7-474e-a9cb-35e0fb32456e_size1,moran,As
4828,Thomas Moran,The Dell,1878,https://stor.artstor.org/stor/d20abad7-87f4-4bdf-98b7-b8d7b4b5a9f8_size1,moran,As
4845,Thomas Moran,A Tower of Cortes,1883,https://stor.artstor.org/stor/f2269c51-da34-4154-b59b-1b073e052b68_size1,moran,Cc
4850,Thomas Moran,A Rustic Bridge,1879,https://stor.artstor.org/stor/6bf81a0f-9f84-4f15-ad8d-908a8e2b5135_size1,moran,Sc
4851,Thomas Moran,Bridge and Trees,1878,https://stor.artstor.org/stor/28f575f1-8ab8-4dbb-983e-4dfb16c7087a_size1,moran,Ac
4852,Thomas Moran,"Bridge in the Pass of Glencoe, Scotland",1882,https://stor.artstor.org/stor/de591dcf-2bf2-41a0-a12a-2782210b54a7_size1,moran,Cs
4854,Thomas Moran,Grand Canyon: From Hermit Rim Road,1912,https://stor.artstor.org/stor/8f084e3a-ac95-4fa4-93bb-822e4e8fce09_size1,moran,Cc
4855,Thomas Moran,Twilight Easthampton,1880,https://stor.artstor.org/stor/0762043b-7ca5-45bb-8e71-a0fafabefad7_size1,moran,St
4856,Thomas Moran,"Fingal's Cave, Island of Staffa, Scotland",1884,https://stor.artstor.org/stor/361d2076-3c30-4832-9017-8a183a75883e_size1,moran,Ci
4857,Thomas Moran,"Gardiner's Bay from Fresh Pond, Long Island",1884,https://stor.artstor.org/stor/846078a4-288f-4015-b745-e58862aa1482_size1,moran,St
4862,Thomas Moran,Splendor of Venice,1899,https://stor.artstor.org/stor/3ddf5406-9676-4172-815c-ffad8d0d8996_size1,moran,Ns
4863,Thomas Moran,Much Resounding Sea,1884,https://stor.artstor.org/stor/591ff657-3eae-4ceb-a6fb-b0c66cd19e70_size1,moran,Sc
4864,Thomas Moran,Windsor Castle,1883,https://stor.artstor.org/stor/8232cb39-e578-449b-834c-9f099fd06c93_size1,moran,Cs
4866,Thomas Moran,"Bathing Pools, Diana's Baths",1872,https://stor.artstor.org/stor/1f31a070-3e82-41f2-99b3-50960921ea94_size1,moran,Ns
4867,Thomas Moran,Bring Home the Cattle,1879,https://stor.artstor.org/stor/1b6ec89f-6698-4333-b96b-32696dcdc3c6_size1,moran,Sc
4868,Thomas Moran,"View of New York, from Across the Harbor",1879,https://stor.artstor.org/stor/60c6783d-60aa-478b-a4b3-d076948c4fe1_size1,moran,Ac
4869,Thomas Moran,"Interior of a California Forest (after Thomas Moran (American, 1837-1926)),",1888,https://stor.artstor.org/stor/d6792e97-8698-4964-81ff-1da6b0af3bb2_size1,moran,St
4870,Thomas Moran,"Colburn's Butte, South Utah",1873,https://stor.artstor.org/stor/1f974863-057f-4006-b38e-1732d35e7eeb_size1,moran,Ac
4871,Thomas Moran,The Grand Canyon of the Yellowstone,1893,https://stor.artstor.org/stor/e8d119f6-1073-4e85-8d14-cbb9a5278442_size1,moran,Ns
4872,Thomas Moran,Canyon Mists -- Zoroaster Peak,1914,https://stor.artstor.org/stor/3ba85698-e653-404c-8bf9-43c82106f5f2_size1,moran,As
4873,Thomas Moran,Slaves Escaping Through the Swamp,1863,https://stor.artstor.org/stor/9e626bd3-ff0e-412f-bacf-ca03b7d63b25_size1,moran,Cc
4874,Thomas Moran,Valley of the Rio Virgin,1873,https://stor.artstor.org/stor/a99a9c08-9aa8-412e-9d0d-039f0fc0e9f8_size1,moran,Cs
4875,Thomas Moran,"Hiawatha and the Great Serpent, the Kenabeck",1867,https://stor.artstor.org/stor/cd07b846-3c0d-4727-a355-6abbbfecbb8a_size1,moran,As
4880,Thomas Moran,"""Fiercely the red sun descending Burned his way along the heavens""",1875,https://stor.artstor.org/stor/cca0b7c7-bc04-464b-8fcd-d26870c4dc7a_size1,moran,As
4881,Thomas Moran,Untitled (South Hampton Long Island Landscape),1883,https://stor.artstor.org/stor/295e06dd-4e34-4978-ac07-a438cde7f2b2_size1,moran,Ct
4882,Thomas Moran,"Hiawatha and the Great Serpent, the Kenabeek",1867,https://mdxdv.artstor.org/thumb/imgstor/size1/sslps/ucb/20294120.jpg,moran,Ac
4883,Thomas Moran,Hiawatha,1867,https://mdxdv.artstor.org/thumb/imgstor/size1/sslps/ucb/20281588.jpg,moran,Ac
4884,Thomas Moran,Stranded Ship on East Hampton Beach,1894,https://mdxdv.artstor.org/thumb/imgstor/size1/sslps/ucb/20273194.jpg,moran,As
4885,Thomas Moran,Fiercely the red sun descending Burned his way along the heavens,1875,https://mdxdv.artstor.org/thumb/imgstor/size1/sslps/ucb/20285473.jpg,moran,As
4890,Thomas Moran,Landscape With Cows (from Sketchbook),1905,https://stor.artstor.org/stor/c07243d5-c84e-4675-ae9d-52773265fa4f_size1,moran,Ns
4891,Thomas Moran,"Cliffs of the Upper Colorado River, Wyoming Territory",1882,https://stor.artstor.org/stor/46cd5add-1f3e-49e3-9947-37e074a15e61_size1,moran,Ac
4905,Thomas Moran,"Half Dome, Yosemite, 1873",1873,https://mdxdv.artstor.org/thumb/imgstor/size1/sslps/ucb/20303127.jpg,moran,Ac
4906,Thomas Moran,Ktaadn from the South Shore of the Lake (After Frederic Edwin Church),1878,https://mdxdv.artstor.org/thumb/imgstor/size1/sslps/ucb/20303481.jpg,moran,Ns
4907,Thomas Moran,"Half Dome, Yosemite, 1872",1872,https://mdxdv.artstor.org/thumb/imgstor/size1/sslps/ucb/20301435.jpg,moran,Cc
4908,Thomas Moran,Distant City (Connecticut shore),1880,https://stor.artstor.org/stor/7f08bffa-4954-48f8-bab0-a5e47b7e6121_size1,moran,Cs
4912,Thomas Moran,"Gardiner's Bay, Long Island, seen from Fresh Pond",1881,https://stor.artstor.org/stor/f0f325ef-f2d8-4578-8be5-e98a32f56fa0_size1,moran,Ns
4913,Thomas Moran,In the Forest of the Wissahickon,1868,https://mdxdv.artstor.org/thumb/imgstor/size1/sslps/c35953/9902264.jpg,moran,Ns
4914,Thomas Moran,The Home of the Muskrat,1884,https://stor.artstor.org/stor/2ba9d632-decd-4663-b98b-99f5dc02bc5f_size1,moran,Ns
4915,Thomas Moran,"Cliffs of Upper Colorado River, Wyoming Territory",1882,https://stor.artstor.org/stor/9c66ec5d-fc1a-4012-9914-b29318298343_size1,moran,Ac
